Class ID,Preferred Label,Synonyms,Definitions,Obsolete,CUI,Semantic Types,Parents,Definition Chinese,Definition English,Definition Japanese,Definition Korean,http://data.bioontology.org/metadata/prefixIRI,Original Code,Original Source,Title Chinese,Title English,Title Japanese,Title Korean
http://who.int/ictm/signsAndSymptoms#TM529482,Heart pain / 心痛,,,false,,,http://www.w3.org/2002/07/owl#Thing,膻中部位以及左胸内疼痛的症状。心痛可归属于广义的胸痛范畴。多因痰浊瘀血内阻，阳虚寒凝，或阴血亏虚等所致。心痛常见于心系疾病，如胸痹心痛、厥心痛、心痹、心瘅、支饮等。,"It refers to pain in the area where Danzhong (CV17) is located and left side of the chest, pertaining to the category of chest pain. It is usually caused by interior blockage of stagnant blood and phlegm turbidity, cold coagulation due to yang deficiency, or deficiency of yin blood. It can be seen in heart system diseases, such as chest impediment, heart pain, precordial pain, heart impediment, heart heat syndrome, thoracic retention of fluids, etc.",,,TM529482,22.23,GB97,心痛,Heart pain,,
http://who.int/ictm/signsAndSymptoms#TM529483,heat in the palms and soles / 手足心熱,,,false,,,http://www.w3.org/2002/07/owl#Thing,,subjective feverish feeling in the palms and soles ,,,TM529483,2.3.25,IST WPRO,手足心熱,heat in the palms and soles,,
http://who.int/ictm/signsAndSymptoms#TM529486,heavy head and light feet / 頭重脚輕,,,false,,,http://www.w3.org/2002/07/owl#Thing,,"the subjective sensation whereby head is heavier than feet, accompanied by unsteady gait",,,TM529486,2.3.95,IST WPRO,頭重脚輕,heavy head and light feet,,
http://who.int/ictm/signsAndSymptoms#TM529489,heel pain / 足跟痛,,,false,,,http://www.w3.org/2002/07/owl#Thing,,"pain in either or both heels, worsened by standing and walking",,,TM529489,2.3.72,IST WPRO,足跟痛,heel pain,,
http://who.int/ictm/signsAndSymptoms#TM529484,heat vexation / 煩熱,,,false,,,http://www.w3.org/2002/07/owl#Thing,,"fever accompanied by uneasiness or restlessness, also known as irritable heat sensation",,,TM529484,2.3.23,IST WPRO,煩熱,heat vexation,,
http://who.int/ictm/signsAndSymptoms#TM529481,headache and painful stiff nape / 頭項强痛,,,false,,,http://www.w3.org/2002/07/owl#Thing,,headache accompanied by rigidity and pain of the nape,,,TM529481,2.3.59,IST WPRO,頭項强痛,headache and painful stiff nape,,
http://who.int/ictm/signsAndSymptoms#TM529480,headache / 头痛,,,false,,,http://www.w3.org/2002/07/owl#Thing,患者自觉头部疼痛的症状。,pain in the head,,,TM529480,2.3.57 AND 22.5,IST WPRO and GB 97,头痛,headache,,
http://who.int/ictm/signsAndSymptoms#TM529488,heavy-headedness / 頭重,,,false,,,http://www.w3.org/2002/07/owl#Thing,,feeling of heaviness in the head,,,TM529488,2.3.60,IST WPRO,頭重,heavy-headedness,,
http://who.int/ictm/signsAndSymptoms#TM529485,heavy body / 身重,,,false,,,http://www.w3.org/2002/07/owl#Thing,,the subjective heaviness sensation of the body with difficult movement,,,TM529485,2.3.96,IST WPRO,身重,heavy body,,
http://who.int/ictm/signsAndSymptoms#TM529487,heavy pain / 重痛,,,false,,,http://www.w3.org/2002/07/owl#Thing,,a pain accompanied by heaviness sensation,,,TM529487,2.3.78,IST WPRO,重痛,heavy pain,,
http://who.int/ictm/signsAndSymptoms#TM529618,stool sometimes sloppy and sometimes bound / 溏結不調,,,false,,,http://www.w3.org/2002/07/owl#Thing,,stool that varies greatly in consistency ,,,TM529618,2.3.186,IST WPRO,溏結不調,stool sometimes sloppy and sometimes bound,,
http://who.int/ictm/signsAndSymptoms#TM529615,stiffness of the neck / 項强,,,false,,,http://www.w3.org/2002/07/owl#Thing,,muscular contraction and rigidity of the neck and the upper back with impaired movement,,,TM529615,2.3.58,IST WPRO,項强,stiffness of the neck,,
http://who.int/ictm/signsAndSymptoms#TM529611,steaming bone / 骨蒸,,,false,,,http://www.w3.org/2002/07/owl#Thing,,"a subjective feeling of fever deep in the body, which appears to emanate from the bone or marrow",,,TM529611,2.3.19,IST WPRO,骨蒸,steaming bone,,
http://who.int/ictm/signsAndSymptoms#TM529619,stuffiness / 痞,,,false,,,http://www.w3.org/2002/07/owl#Thing,,a localized subjective feeling of fullness and blockage,,,TM529619,2.3.152,IST WPRO,痞,stuffiness,,
http://who.int/ictm/signsAndSymptoms#TM529613,sticky slimy sensation in the mouth / 口粘膩,,,false,,,http://www.w3.org/2002/07/owl#Thing,,an unpleasant subjective sensation of stickiness in the mouth,,,TM529613,2.3.127,IST WPRO,口粘膩,sticky slimy sensation in the mouth,,
http://who.int/ictm/signsAndSymptoms#TM529614,stiff tongue / 强硬舌,,,false,,,http://www.w3.org/2002/07/owl#Thing,,"a tongue that is stiff, moves sluggishly, and inhibits speech",,,TM529614,2.1.68,IST WPRO,强硬舌,stiff tongue,,
http://who.int/ictm/signsAndSymptoms#TM529610,stained fur / 染苔,,,false,,,http://www.w3.org/2002/07/owl#Thing,,"a tongue coating that is stained, often by food or medicine",,,TM529610,2.1.100,IST WPRO,染苔,stained fur,,
http://who.int/ictm/signsAndSymptoms#TM529612,sticky slimy fur / 粘膩苔,,,false,,,http://www.w3.org/2002/07/owl#Thing,,"a dense, turbid, slimy tongue coating, covered with a layer of thick turbid mucus",,,TM529612,2.1.96,IST WPRO,粘膩苔,sticky slimy fur,,
http://who.int/ictm/signsAndSymptoms#TM529616,stomach pain / 脘痛; 胃痛,,,false,,,http://www.w3.org/2002/07/owl#Thing,,the same as epigastric pain,,,TM529616,2.3.66,IST WPRO,脘痛; 胃痛,stomach pain,,
http://who.int/ictm/signsAndSymptoms#TM529617,stool containing pus and blood / 便膿血,,,false,,,http://www.w3.org/2002/07/owl#Thing,,"passage of blood, pus and mucus together with stool, a symptom usually indicating dysentery",,,TM529617,2.3.187,IST WPRO,便膿血,stool containing pus and blood,,
http://who.int/ictm/signsAndSymptoms#TM529512,loss of blood / 失血; 奪血,,,false,,,http://www.w3.org/2002/07/owl#Thing,,"a general term for various kinds of profuse bleeding, the same as hemorrhage",,,TM529512,2.3.101,IST WPRO,失血; 奪血,loss of blood,,
http://who.int/ictm/signsAndSymptoms#TM529514,loss of vitality / 失神,,,false,,,http://www.w3.org/2002/07/owl#Thing,,"the general state marked by indifference, low spirit and impaired mental and physical functions with sluggish and inappropriate responses, indicating the existence of a serious pathological condition",,,TM529514,2.1.4,IST WPRO,失神,loss of vitality,,
http://who.int/ictm/signsAndSymptoms#TM529516,lower abdominal contracture / 小腹拘急; 小腹弦急,,,false,,,http://www.w3.org/2002/07/owl#Thing,,cramping sensation of the lower abdomen,,,TM529516,2.3.161,IST WPRO,小腹拘急; 小腹弦急,lower abdominal contracture,,
http://who.int/ictm/signsAndSymptoms#TM529510,Leukorrhea / 带下,,,false,,,http://www.w3.org/2002/07/owl#Thing,妇女阴道分泌物明显增多，色、质、气味异常的症状。寒湿或湿热下注，或热毒浸淫，或脾肾阳气亏虚等常可见带下异常。带下一般见于女阴局部感染邪毒，或胞宫等的病变，最常见于带下病。但身体虚弱或痰湿内盛者亦可见带下量多。,"It refers to increased vaginal discharge with abnormal color, texture and smell. It is caused by cold dampness or downward flow of dampness heat, or exuberance of heat toxin, or deficiency of yang qi in the spleen and kidney. It can be seen in vulva infection or uterine disease, especially in leukorrhagia. It can also be seen in patients with debility or exuberance of phlegm dampness.",,,TM529510,22.4,GB97,带下,Leukorrhea,,
http://who.int/ictm/signsAndSymptoms#TM529513,loss of smell / 鼻不聞香臭,,,false,,,http://www.w3.org/2002/07/owl#Thing,,partial or total inability to smell,,,TM529513,2.3.114,IST WPRO,鼻不聞香臭,loss of smell,,
http://who.int/ictm/signsAndSymptoms#TM529517,lower abdominal cramp / 小腹急結,,,false,,,http://www.w3.org/2002/07/owl#Thing,,"subjective sensation of distention and fullness of the lower abdomen, usually with difficult urination ",,,TM529517,2.3.160,IST WPRO,小腹急結,lower abdominal cramp,,
http://who.int/ictm/signsAndSymptoms#TM529519,lower abdominal numbness / 小腹不仁,,,false,,,http://www.w3.org/2002/07/owl#Thing,,loss of sensation in the lower abdominal region,,,TM529519,2.3.163,IST WPRO,小腹不仁,lower abdominal numbness,,
http://who.int/ictm/signsAndSymptoms#TM529518,lower abdominal fullness / 小腹滿; 小腹硬滿,,,false,,,http://www.w3.org/2002/07/owl#Thing,,a subjective feeling of fullness in the lower abdomen,,,TM529518,2.3.162,IST WPRO,小腹滿; 小腹硬滿,lower abdominal fullness,,
http://who.int/ictm/signsAndSymptoms#TM529511,limp wilting tongue / 痿軟舌,,,false,,,http://www.w3.org/2002/07/owl#Thing,,a tongue that is flabby and cannot move easily,,,TM529511,2.1.69,IST WPRO,痿軟舌,limp wilting tongue,,
http://who.int/ictm/signsAndSymptoms#TM529515,lower abdominal colic / 疝 ,,,false,,,http://www.w3.org/2002/07/owl#Thing,,severe colicky pain in the lower abdomen usually accompanied by constipation and ischuria,,,TM529515,2.3.68,IST WPRO,疝 ,lower abdominal colic,,
http://who.int/ictm/signsAndSymptoms#TM529364,aversion to cold with fever / 惡寒發熱; 發熱惡寒 / 오한발열;발열오한,,,false,,,http://www.w3.org/2002/07/owl#Thing,,simultaneous appearance of aversion to cold together with fever,,,TM529364,2.3.9,IST WPRO,惡寒發熱; 發熱惡寒,aversion to cold with fever,,오한발열;발열오한
http://who.int/ictm/signsAndSymptoms#TM529365,aversion to heat / 惡熱 / 오열,,,false,,,http://www.w3.org/2002/07/owl#Thing,,"strong dislike of heat, also known as heat intolerance",,,TM529365,2.3.7,IST WPRO,惡熱,aversion to heat,,오열
http://who.int/ictm/signsAndSymptoms#TM529363,aversion to cold / 惡寒 / 오한,,,false,,,http://www.w3.org/2002/07/owl#Thing,,"sensation of cold which cannot be relieved by warmth, also known as chills",,,TM529363,2.3.4,IST WPRO,惡寒,aversion to cold,,오한
http://who.int/ictm/signsAndSymptoms#TM529366,aversion to wind / 惡風 / 오풍,,,false,,,http://www.w3.org/2002/07/owl#Thing,,"strong dislike of wind, also known as wind intolerance ",,,TM529366,2.3.6,IST WPRO,惡風,aversion to wind,,오풍
http://who.int/ictm/signsAndSymptoms#TM529361,Ascites / 腹水 / 복수,,,false,,,http://www.w3.org/2002/07/owl#Thing,水停腹腔所表现的征象。多由气滞、血瘀、脾虚失运、湿热蕴结等原因所致。常见于鼓胀、腹腔内癥积、痨等疾病中。,"It refers to retention of water in the abdominal cavity, usually caused by qi stagnation, blood stasis, spleen deficiency with dysfunction in transportation, and accumulation of dampness heat. It can be seen in diseases such as tympanites, abdominal mass and tuberculosis.",,,TM529361,22.33,GB97,腹水,Ascites,,복수
http://who.int/ictm/signsAndSymptoms#TM529362,astringent taste in the mouth / 口澁 / 구삽,,,false,,,http://www.w3.org/2002/07/owl#Thing,,a subjective feeling of astringency in the mouth,,,TM529362,2.3.124,IST WPRO,口澁,astringent taste in the mouth,,구삽
http://who.int/ictm/signsAndSymptoms#TM529369,benign complexion / 善色 / 선색,,,false,,,http://www.w3.org/2002/07/owl#Thing,,"bright and lustrous complexion indicating a favorable prognosis, also the same as healthy complexion",,,TM529369,2.1.25,IST WPRO,善色,benign complexion,,선색
http://who.int/ictm/signsAndSymptoms#TM529367,back pain / 背痛 / 배통,,,false,,,http://www.w3.org/2002/07/owl#Thing,,pain in the upper part of the back,,,TM529367,2.3.69,IST WPRO,背痛,back pain,,배통
http://who.int/ictm/signsAndSymptoms#TM529368,belching / 噯氣; 噫氣 / 애기;희기,,,false,,,http://www.w3.org/2002/07/owl#Thing,,"the casting up of gas from the stomach, accompanied by a prolonged sound",,,TM529368,2.3.139,IST WPRO,噯氣; 噫氣,belching,,애기;희기
http://who.int/ictm/signsAndSymptoms#TM529360,Arthralgia / 关节痛 / 관절통,,,false,,,http://www.w3.org/2002/07/owl#Thing,自觉关节疼痛的症状。多因外力损伤骨与关节，或风寒湿热等邪侵及关节，经气不利，关节阻痹所致。常见于关节脱位及骨损伤、肢体痹病类疾病，以及流痰等病中。,"It refers to subjective feeling of pain of the joints, usually caused by joint injuries due to exterior force, or invasion of wind cold and dampness heat into the joints, resulting in blockage of meridian qi and joints. It can be seen in dislocation of joints, bone injury, impediment or multiple abscesses of limbs.",,,TM529360,22.44,GB97,关节痛,Arthralgia,,관절통
http://who.int/ictm/signsAndSymptoms#TM529563,poor libido / 性欲淡漠,,,false,,,http://www.w3.org/2002/07/owl#Thing,,"lack of desire for sexual gratification, the same as low libido",,,TM529563,2.3.202,IST WPRO,性欲淡漠,poor libido,,
http://who.int/ictm/signsAndSymptoms#TM529560,peeling fur / 剝苔; 舌苔脫落,,,false,,,http://www.w3.org/2002/07/owl#Thing,,complete or partial peeling of the tongue coating,,,TM529560,2.1.98,IST WPRO,剝苔; 舌苔脫落,peeling fur,,
http://who.int/ictm/signsAndSymptoms#TM529561,persistent pain / 持續痛,,,false,,,http://www.w3.org/2002/07/owl#Thing,,pain continuing without interruption,,,TM529561,2.3.90,IST WPRO,持續痛,persistent pain,,
http://who.int/ictm/signsAndSymptoms#TM529569,protruded agitated tongue / 吐弄舌,,,false,,,http://www.w3.org/2002/07/owl#Thing,,"a pathological condition in which the tongue hangs out of the mouth and moves in a circular motion whereby the tip is extended from and retracted back into the mouth, or licks the lips ",,,TM529569,2.1.73,IST WPRO,吐弄舌,protruded agitated tongue,,
http://who.int/ictm/signsAndSymptoms#TM529566,profuse dreaming / 多夢,,,false,,,http://www.w3.org/2002/07/owl#Thing,,a condition in which sleep is frequently disturbed by dreams,,,TM529566,2.3.54,IST WPRO,多夢,profuse dreaming,,
http://who.int/ictm/signsAndSymptoms#TM529562,pitting edema / 胕腫,,,false,,,http://www.w3.org/2002/07/owl#Thing,,"edema associated with pitting of the skin, which resolves only slowly, usually occurring on the instep",,,TM529562,2.1.28,IST WPRO,胕腫,pitting edema,,
http://who.int/ictm/signsAndSymptoms#TM529567,profuse sweating / 多汗; 大汗,,,false,,,http://www.w3.org/2002/07/owl#Thing,,"excessive sweating not related to a hot environment, physical exertion or taking diaphoretics",,,TM529567,2.3.32,IST WPRO,多汗; 大汗,profuse sweating,,
http://who.int/ictm/signsAndSymptoms#TM529568,protracted tongue / 舌縱,,,false,,,http://www.w3.org/2002/07/owl#Thing,,a tongue that is habitually extended out of the mouth and cannot be retracted,,,TM529568,2.1.74,IST WPRO,舌縱,protracted tongue,,
http://who.int/ictm/signsAndSymptoms#TM529564,presence of vitality / 得神,,,false,,,http://www.w3.org/2002/07/owl#Thing,,"the general state marked by high spirit and mental and physical exuberance with prompt and appropriate responses, indicating that the healthy qi is not damaged and improvement from a pathological condition can be expected",,,TM529564,2.1.3,IST WPRO,得神,presence of vitality,,
http://who.int/ictm/signsAndSymptoms#TM529565,prickly tongue / 芒刺舌,,,false,,,http://www.w3.org/2002/07/owl#Thing,,a tongue with thorn-like protrusions on its surface,,,TM529565,2.1.61,IST WPRO,芒刺舌,prickly tongue,,
http://who.int/ictm/signsAndSymptoms#TM529347,abdominal fullness / 腹滿 / 복만,,,false,,,http://www.w3.org/2002/07/owl#Thing,,a subjective feeling of fullness in the abdomen without pronounced visible or palpable expansion,,,TM529347,2.3.159,IST WPRO,腹滿,abdominal fullness,,복만
http://who.int/ictm/signsAndSymptoms#TM529348,Abdominal mass / 癥积 / 징적,,,false,,,http://www.w3.org/2002/07/owl#Thing,触及腹腔内有形可征的包块，以往称为积聚、癥瘕。一般为有形之邪搏结，如血瘀、虫积、食积、燥屎、痰凝等而成。其常见疾病有腹内癌瘤、石瘕、肠覃、肝积、肥气、肠结、肠痈、食瘕、伏梁、蛔虫病等。,"It refers to presence of substantial mass in the abdominal cavity, usually caused by binding of pathogenic factors, such as blood stasis, parasitic infestation, dry feces and phlegm stagnation. It can be seen in diseases such as cancer, tumor, ovarian cyst, liver accumulation, intestinal obstruction, intestinal abscess, abdominal mass due to dyspepsia and ascariasis.",,,TM529348,22.34,GB97,癥积,Abdominal mass,,징적
http://who.int/ictm/signsAndSymptoms#TM529349,abdominal pain / 腹痛 / 복통,,,false,,,http://www.w3.org/2002/07/owl#Thing,胃脘与季肋以下，耻骨毛际以上的腹部发生疼痛的症状,pain in the region between the hypochondrium and pubic hairline,,,TM529349,2.3.67 AND 22.32,IST WPRO and GB 97,腹痛,abdominal pain,,복통
http://who.int/ictm/signsAndSymptoms#TM529504,kyakusho secondary (auxiliary) symptoms / 客証,,,false,,,http://www.w3.org/2002/07/owl#Thing,,guest confrontation,,,TM529504,,JSOM,,kyakusho secondary (auxiliary) symptoms,客証,
http://who.int/ictm/signsAndSymptoms#TM529501,Jaundice / 黄疸,,,false,,,http://www.w3.org/2002/07/owl#Thing,以白睛、皮肤粘膜及小便发黄为特征的一组症状。多因外感湿热、疫毒，内伤酒食，或脾虚湿困，血瘀气滞等所致。一般按病之新久缓急与黄色的明暗等分为阳黄与阴黄。黄疸为肝胆病变的常见症状，胰的病变，大量血液损害，稻瘟病等亦可出现黄疸。凡以黄疸为主要表现的疾病，可归纳为黄疸病类。,"It refers to yellow coloration of the conjunctival membranes over the sclerae (whites of the eyes), skin and urine. It is usually caused by attack of dampness heat, pestilential toxin, interior injury due to drinking of alcohol or improper diet, or dampness encumbrance due to spleen deficiency, blood stasis and qi stagnation. It can be divided into yang jaundice and yin jaundice according to progress, onset and coloration of the disease. Jaundice is the commonly seen symptom in diseases of liver, gallbladder and pancreas as well as severe disorders of blood and rice epidemic disease. In clinical practice, all diseases with manifestations of jaundice pertain to the category of jaundice.",,,TM529501,22.31,GB97,黄疸,Jaundice,,
http://who.int/ictm/signsAndSymptoms#TM529506,lack of vitality / 少神,,,false,,,http://www.w3.org/2002/07/owl#Thing,,"the general state marked by indifference, listlessness and low spirit",,,TM529506,2.1.5,IST WPRO,少神,lack of vitality,,
http://who.int/ictm/signsAndSymptoms#TM529502,kagyaku / 火逆,,,false,,,http://www.w3.org/2002/07/owl#Thing,,symptoms induced by inappropriate pyropuncture; fever flush,,,TM529502,,JSOM,,kagyaku,火逆,
http://who.int/ictm/signsAndSymptoms#TM529500,itchy eyes / 目癢,,,false,,,http://www.w3.org/2002/07/owl#Thing,,itching of the eye,,,TM529500,2.3.106,IST WPRO,目癢,itchy eyes,,
http://who.int/ictm/signsAndSymptoms#TM529507,lassitude of spirit / 神疲,,,false,,,http://www.w3.org/2002/07/owl#Thing,,lack of mental vigor,,,TM529507,2.3.50,IST WPRO,神疲,lassitude of spirit,,
http://who.int/ictm/signsAndSymptoms#TM529505,lack of strength / 乏力,,,false,,,http://www.w3.org/2002/07/owl#Thing,,lack of physical strength,,,TM529505,2.3.51,IST WPRO,乏力,lack of strength,,
http://who.int/ictm/signsAndSymptoms#TM529508,late afternoon tidal fever / 日晡潮熱,,,false,,,http://www.w3.org/2002/07/owl#Thing,,"fever more marked at 3-5 p.m. daily, as if the tide comes regularly ",,,TM529508,2.3.15,IST WPRO,日晡潮熱,late afternoon tidal fever,,
http://who.int/ictm/signsAndSymptoms#TM529509,leaking sweat / 漏汗,,,false,,,http://www.w3.org/2002/07/owl#Thing,,incessant sweating,,,TM529509,2.3.45,IST WPRO,漏汗,leaking sweat,,
http://who.int/ictm/signsAndSymptoms#TM529503,kakuran / 霍乱,,,false,,,http://www.w3.org/2002/07/owl#Thing,,severe diarrhea such as in cholera,,,TM529503,,JSOM,,kakuran,霍乱,
http://who.int/ictm/signsAndSymptoms#TM529385,bright pale complexion / 面色晄白 / 면색광백,,,false,,,http://www.w3.org/2002/07/owl#Thing,,"a white complexion with puffiness, often seen in cases of yang deficiency",,,TM529385,2.1.15,IST WPRO,面色晄白,bright pale complexion,,면색광백
http://who.int/ictm/signsAndSymptoms#TM529388,choke / 噎,,,false,,,http://www.w3.org/2002/07/owl#Thing,,difficulty in swallowing,,,TM529388,2.3.129,IST WPRO,噎,choke,,
http://who.int/ictm/signsAndSymptoms#TM529386,chest pain / 胸痛 / 복통,,,false,,,http://www.w3.org/2002/07/owl#Thing,自觉胸部疼痛的症状。广义胸痛的范围包括心痛及胁痛在内。可因外伤、火热内灼、痰饮内阻、气滞血瘀等所致。肺、心、胸膈的多种疾病如胸痹心痛、肺痈、肺热病、悬饮、气胸、百日咳、肺癌、胸部损伤等皆可见胸痛。,"Pain in the middle or lateral part of the chest. It may be caused by traumatic injury, interior scorching of fire and heat, interior obstruction of phlegm fluid, and blood stasis due to qi stagnation. It can be seen in diseases of lung, heart, chest and diaphragm, such as chest impediment with heart pain, lung abscess, lung heat disease, thoracic retention of fluid, pneumothorax, whooping cough, lung cancer and chest injury.",,,TM529386,2.3.63 AND 22.21,IST WPRO and GB 97,胸痛,chest pain,,복통
http://who.int/ictm/signsAndSymptoms#TM529380,bluish purple tongue / 靑紫舌 / 청자설,,,false,,,http://www.w3.org/2002/07/owl#Thing,,"a cyanotic tongue, indicating blood stasis or heat toxin in the nutrient-blood",,,TM529380,2.1.55,IST WPRO,靑紫舌,bluish purple tongue,,청자설
http://who.int/ictm/signsAndSymptoms#TM529389,clear-food diarrhea / 下利淸穀; 完穀下利,,,false,,,http://www.w3.org/2002/07/owl#Thing,,"frequent discharge of fluid stools containing undigested food, the same as undigested food diarrhea",,,TM529389,2.3.174,IST WPRO,下利淸穀; 完穀下利,clear-food diarrhea,,
http://who.int/ictm/signsAndSymptoms#TM529382,bone-steaming fever / 骨蒸熱 / 골증열,,,false,,,http://www.w3.org/2002/07/owl#Thing,,fever which is felt to emanate from the bone or marrow,,,TM529382,2.3.20,IST WPRO,骨蒸熱,bone-steaming fever,,골증열
http://who.int/ictm/signsAndSymptoms#TM529383,bone-steaming tidal fever / 骨蒸潮熱 / 골증조열,,,false,,,http://www.w3.org/2002/07/owl#Thing,,tidal fever in which the heat is felt to emanate from the bones,,,TM529383,2.3.21,IST WPRO,骨蒸潮熱,bone-steaming tidal fever,,골증조열
http://who.int/ictm/signsAndSymptoms#TM529384,breast pain / 乳房疼痛 / 유방동통,,,false,,,http://www.w3.org/2002/07/owl#Thing,,"pain in the breast, usually accompanied by feeling of distension",,,TM529384,2.3.64,IST WPRO,乳房疼痛,breast pain,,유방동통
http://who.int/ictm/signsAndSymptoms#TM529381,blurred vision / 目昏; 視物模糊; 視瞻昏渺 / 목혼;시물모호;시첨혼묘,,,false,,,http://www.w3.org/2002/07/owl#Thing,,clouded and unclear vision,,,TM529381,2.3.109,IST WPRO,目昏; 視物模糊; 視瞻昏渺,blurred vision,,목혼;시물모호;시첨혼묘
http://who.int/ictm/signsAndSymptoms#TM529387,chills without fever / 但寒不熱,,,false,,,http://www.w3.org/2002/07/owl#Thing,,feeling of cold with no fever,,,TM529387,2.3.11,IST WPRO,但寒不熱,chills without fever,,
http://who.int/ictm/signsAndSymptoms#TM529401,crimson tongue / 絳舌,,,false,,,http://www.w3.org/2002/07/owl#Thing,,"a tongue deep red in color, indicating intense heat",,,TM529401,2.1.56,IST WPRO,絳舌,crimson tongue,,
http://who.int/ictm/signsAndSymptoms#TM529404,curled tongue and retracted testicles / 舌卷囊縮,,,false,,,http://www.w3.org/2002/07/owl#Thing,,"the forming of the tongue into a curl and the withdrawing of the testicles into the body, seen in critical cases",,,TM529404,2.1.102,IST WPRO,舌卷囊縮,curled tongue and retracted testicles,,
http://who.int/ictm/signsAndSymptoms#TM529400,Cough / 咳嗽,,,false,,,http://www.w3.org/2002/07/owl#Thing,从肺经喉发出“咳、咳”有声的症状。多因六淫外邪袭肺、有害气体刺激、痰饮停肺、气阴亏虚等而致肺失清肃宣降，肺气上逆所致。除肺咳以咳嗽为主症外，几乎所有肺系疾病均可见到咳嗽，它脏疾病亦可影响到肺而伴见咳嗽。,"It refers to the symptom characterized by cough from the throat. It is usually caused by invasion of six exogenous pathogenic factors into the lung, irritation of poisonous air, retention of phlegm fluid in the lung, failure of the lung qi in dispersing and descending due to deficiency of qi and yin, resulting in counterflow of lung qi. Apart from lung cough, it also can be seen in the diseases of lung system, or diseases of other organs involving the lung.",,,TM529400,22.18,GB97,咳嗽,Cough,,
http://who.int/ictm/signsAndSymptoms#TM529403,curled tongue / 舌卷,,,false,,,http://www.w3.org/2002/07/owl#Thing,,"a tongue formed into a curved shape and drawn back, inhibiting speech",,,TM529403,2.1.101,IST WPRO,舌卷,curled tongue,,
http://who.int/ictm/signsAndSymptoms#TM529408,deviated tongue / 歪斜舌,,,false,,,http://www.w3.org/2002/07/owl#Thing,,a tongue that inclines to one side when extended,,,TM529408,2.1.71,IST WPRO,歪斜舌,deviated tongue,,
http://who.int/ictm/signsAndSymptoms#TM529409,diarrhea / 泄[腹]泻,,,false,,,http://www.w3.org/2002/07/owl#Thing,血自肛门排出，包括血随便出,abnormally frequent intestinal evacuations with soft or fluid stool,,,TM529409,2.3.169 and 22.35,IST WPRO and GB 97,泄[腹]泻,diarrhea,,
http://who.int/ictm/signsAndSymptoms#TM529405,darkish complexion / 面黑,,,false,,,http://www.w3.org/2002/07/owl#Thing,,"dark discoloration of the face, often occurring in kidney deficiency, cold pattern/syndrome, water retention or blood stasis",,,TM529405,2.1.16,IST WPRO,面黑,darkish complexion,,
http://who.int/ictm/signsAndSymptoms#TM529407,delirium / 譫妄,,,false,,,http://www.w3.org/2002/07/owl#Thing,,"a mental disturbance characterized by confusion, disordered speech and hallucinations",,,TM529407,2.1.9,IST WPRO,譫妄,delirium,,
http://who.int/ictm/signsAndSymptoms#TM529402,curdy fur / 腐苔,,,false,,,http://www.w3.org/2002/07/owl#Thing,,"a tongue coating consisting of coarse granules like bean dregs, easy to wipe off",,,TM529402,2.1.97,IST WPRO,腐苔,curdy fur,,
http://who.int/ictm/signsAndSymptoms#TM529406,deafness / 耳聾,,,false,,,http://www.w3.org/2002/07/owl#Thing,双耳或单耳不闻声音，或客观检查示听力严重障碍的症状,"loss, complete or partial, of the sense of hearing",,,TM529406,2.3.112 AND 22.13,IST WPRO and GB 97,耳聾,deafness,,
http://who.int/ictm/signsAndSymptoms#TM529392,cold sweating / 冷汗,,,false,,,http://www.w3.org/2002/07/owl#Thing,,profuse sweating accompanied by cold body and limbs,,,TM529392,2.3.35,IST WPRO,冷汗,cold sweating,,
http://who.int/ictm/signsAndSymptoms#TM529398,contracture of the nape and neck / 項背拘急,,,false,,,http://www.w3.org/2002/07/owl#Thing,,muscular spasm and rigidity of the nape and back,,,TM529398,2.3.93,IST WPRO,項背拘急,contracture of the nape and neck,,
http://who.int/ictm/signsAndSymptoms#TM529397,contracture of the limbs / 四肢拘急,,,false,,,http://www.w3.org/2002/07/owl#Thing,,"muscular contracture of the limbs with difficulty in bending and stretching, the same as acrocontracture",,,TM529397,2.3.94,IST WPRO,四肢拘急,contracture of the limbs,,
http://who.int/ictm/signsAndSymptoms#TM529395,contracture / 拘急,,,false,,,http://www.w3.org/2002/07/owl#Thing,,abnormal tension of sinews that manifests in inhibited bending and stretching of the limb,,,TM529395,2.3.92,IST WPRO,拘急,contracture,,
http://who.int/ictm/signsAndSymptoms#TM529399,convulsions / 抽搐; 瘛瘲,,,false,,,http://www.w3.org/2002/07/owl#Thing,,"sudden, violent uncontrollable movements of the body caused by contraction of muscles",,,TM529399,2.1.30,IST WPRO,抽搐; 瘛瘲,convulsions,,
http://who.int/ictm/signsAndSymptoms#TM529391,cold pain / 冷痛,,,false,,,http://www.w3.org/2002/07/owl#Thing,,pain accompanied by a cold sensation and relieved by warmth,,,TM529391,2.3.75,IST WPRO,冷痛,cold pain,,
http://who.int/ictm/signsAndSymptoms#TM529394,contracted tongue / 短縮舌,,,false,,,http://www.w3.org/2002/07/owl#Thing,,a tongue that cannot be fully extended from the mouth and appears to be contracted ,,,TM529394,2.1.72,IST WPRO,短縮舌,contracted tongue,,
http://who.int/ictm/signsAndSymptoms#TM529396,contracture below the umbilicus / 臍下拘急,,,false,,,http://www.w3.org/2002/07/owl#Thing,,muscular contracture in the region below the umbilicus,,,TM529396,2.3.167,IST WPRO,臍下拘急,contracture below the umbilicus,,
http://who.int/ictm/signsAndSymptoms#TM529393,Constipation / 便秘[闭],,,false,,,http://www.w3.org/2002/07/owl#Thing,大便秘结不通，排便时间延长，或时间虽不延长但排便困难的症状。胃肠积热，或阳虚寒凝，或气血阴津亏损，或腹内癥块阻结等，均可导致便秘。便秘除常见于肠道病变外，肛门部的病变、肌痿、风痱、肠外肿块压迫、温热病过程中、过服止泻药或温燥之品、腹部手术之后、全身衰惫状态等均可出现便秘。,"It refers to inability to defecate, or prolonged course of defecation, or diffiulty in defecation. It can be caused by the accumulation of heat in the stomach and intestines, or cold coagulation due to yang deficiency, or deficiency of qi, blood and yin fluid, or abdominal mass. Apart from intestinal diseases, constipation also can be seen in anal diseases, muscular flaccidity, hemiplegia due to wind stroke, pressure of lumps outside the intestines, febrile disease, or excessive taking of antidiarrheal or medicinals warm and dry in property, or abdominal operation and general weakness.",,,TM529393,22.36,GB97,便秘[闭],Constipation,,
http://who.int/ictm/signsAndSymptoms#TM529390,cold diarrhea / 寒泄,,,false,,,http://www.w3.org/2002/07/owl#Thing,,diarrhea caused by attack of cold on the gastrointestinal tract,,,TM529390,2.3.182,IST WPRO,寒泄,cold diarrhea,,
http://who.int/ictm/signsAndSymptoms#TM529463,Gastric stuffiness / 脘痞,,,false,,,http://www.w3.org/2002/07/owl#Thing,胃脘部饱胀，满闷不舒的症状。可因肝胃气机阻滞，或脾胃气虚而运化失健所致。常见于胃及肝、胆、胰、脾的慢性病变之中。,"It refers to fullness, distention and discomfort in the epigastric part. It can be caused by stagnation of liver and stomach qi, or deficiency of spleen and stomach qi with dysfunction in transportation. It can be seen in chronic diseases involving the stomach, liver, gallbladder, pancreas and spleen.",,,TM529463,22.29,GB97,脘痞,Gastric stuffiness,,
http://who.int/ictm/signsAndSymptoms#TM529461,fullness in the chest and hypochondrium / 胸脇滿; 胸脅苦滿,,,false,,,http://www.w3.org/2002/07/owl#Thing,,a bloated feeling in the chest and hypochondriac region,,,TM529461,2.3.157,IST WPRO,胸脇滿; 胸脅苦滿,fullness in the chest and hypochondrium,,
http://who.int/ictm/signsAndSymptoms#TM529465,generalized pain / 身痛,,,false,,,http://www.w3.org/2002/07/owl#Thing,,"pain involving the whole body, the same as general body ache",,,TM529465,2.3.56,IST WPRO,身痛,generalized pain,,
http://who.int/ictm/signsAndSymptoms#TM529468,geographical tongue / 地圖舌,,,false,,,http://www.w3.org/2002/07/owl#Thing,,"a tongue with irregular shedding of the coating and distinct demarcation between the shed and unshed areas, looking like a map",,,TM529468,2.1.66,IST WPRO,地圖舌,geographical tongue,,
http://who.int/ictm/signsAndSymptoms#TM529462,fulminant diarrhea / 暴瀉,,,false,,,http://www.w3.org/2002/07/owl#Thing,,a pathological change characterized by sudden onset of diarrhea with profuse discharge,,,TM529462,2.3.180,IST WPRO,暴瀉,fulminant diarrhea,,
http://who.int/ictm/signsAndSymptoms#TM529460,fullness below the heart / 心下滿,,,false,,,http://www.w3.org/2002/07/owl#Thing,,"a feeling of fullness in the epigastric region, the same as epigastric fullness",,,TM529460,2.3.151,IST WPRO,心下滿,fullness below the heart,,
http://who.int/ictm/signsAndSymptoms#TM529464,generalized itching / 身癢,,,false,,,http://www.w3.org/2002/07/owl#Thing,,itching all over the body,,,TM529464,2.3.97,IST WPRO,身癢,generalized itching,,
http://who.int/ictm/signsAndSymptoms#TM529469,Gingival hemorrhage / 齿衄,,,false,,,http://www.w3.org/2002/07/owl#Thing,血液自牙缝或牙龈渗出的症状。多因胃经积热，阴虚火旺，或心脾两虚，血不循经所致。常见于牙宣及紫癜病、髓劳、肥气、血溢病、疫斑热等疾病中。,"It refers to blood oozing from between the teeth or gum. It is usually caused by accumulation of heat in the stomach meridian, yin deficiency with exuberant fire, or failure of blood running inside the vessel due to deficiency of heart and spleen. It is commonly seen in gingival atrophy or purpura, aplastic anemia, hypochondriac mass due to liver disorder, blood extravasation and epidemic hemorrhagic fever.",,,TM529469,22.16,GB97,齿衄,Gingival hemorrhage,,
http://who.int/ictm/signsAndSymptoms#TM529466,genital pain / 陰器痛,,,false,,,http://www.w3.org/2002/07/owl#Thing,,pain in the genitals,,,TM529466,2.3.71,IST WPRO,陰器痛,genital pain,,
http://who.int/ictm/signsAndSymptoms#TM529467,genital sweating / 陰汗,,,false,,,http://www.w3.org/2002/07/owl#Thing,,localized sweating in the genital region,,,TM529467,2.3.43,IST WPRO,陰汗,genital sweating,,
http://who.int/ictm/signsAndSymptoms#TM529415,distending pain / 脹痛,,,false,,,http://www.w3.org/2002/07/owl#Thing,,pain accompanied by a distending sensation,,,TM529415,2.3.73,IST WPRO,脹痛,distending pain,,
http://who.int/ictm/signsAndSymptoms#TM529414,distal bleeding / 遠血,,,false,,,http://www.w3.org/2002/07/owl#Thing,,"bleeding far from the anus, generally referring to bleeding from upper digestive tract",,,TM529414,2.1.32,IST WPRO,遠血,distal bleeding,,
http://who.int/ictm/signsAndSymptoms#TM529418,double vision / 視岐,,,false,,,http://www.w3.org/2002/07/owl#Thing,,seeing one object as two,,,TM529418,2.3.110,IST WPRO,視岐,double vision,,
http://who.int/ictm/signsAndSymptoms#TM529413,discomfort in the throat / 咽喉不利,,,false,,,http://www.w3.org/2002/07/owl#Thing,,a mild sensation of blockage in the throat that hampers swallowing,,,TM529413,2.3.128,IST WPRO,咽喉不利,discomfort in the throat,,
http://who.int/ictm/signsAndSymptoms#TM529419,dreaming of intercourse / 夢交,,,false,,,http://www.w3.org/2002/07/owl#Thing,,dreaming of performing coitus,,,TM529419,2.3.203,IST WPRO,夢交,dreaming of intercourse,,
http://who.int/ictm/signsAndSymptoms#TM529410,dietary predilection / 嗜偏食,,,false,,,http://www.w3.org/2002/07/owl#Thing,,a liking for particular flavors or specific foods,,,TM529410,2.3.137,IST WPRO,嗜偏食,dietary predilection,,
http://who.int/ictm/signsAndSymptoms#TM529417,dizzy vision / 目眩,,,false,,,http://www.w3.org/2002/07/owl#Thing,,blurred vision accompanied by vertigo,,,TM529417,2.3.108,IST WPRO,目眩,dizzy vision,,
http://who.int/ictm/signsAndSymptoms#TM529411,difficult painful urination / 小便澁痛,,,false,,,http://www.w3.org/2002/07/owl#Thing,,uneasy and painful voiding of urine ,,,TM529411,2.3.196,IST WPRO,小便澁痛,difficult painful urination,,
http://who.int/ictm/signsAndSymptoms#TM529412,difficult urination / 小便難; 癃閉,,,false,,,http://www.w3.org/2002/07/owl#Thing,,difficulty in urination or anuria,,,TM529412,2.3.192,IST WPRO,小便難; 癃閉,difficult urination,,
http://who.int/ictm/signsAndSymptoms#TM529416,distress below the heart / 心下急,,,false,,,http://www.w3.org/2002/07/owl#Thing,,"a feeling of distress associated with slight pain and fullness in the epigastric region, the same as epigastric distress ",,,TM529416,2.3.147,IST WPRO,心下急,distress below the heart,,
http://who.int/ictm/signsAndSymptoms#TM529556,paralyzed tongue / 麻痹舌,,,false,,,http://www.w3.org/2002/07/owl#Thing,,a numb tongue unable to move,,,TM529556,2.1.76,IST WPRO,麻痹舌,paralyzed tongue,,
http://who.int/ictm/signsAndSymptoms#TM529550,palpitations above the umbilicus / 臍上悸,,,false,,,http://www.w3.org/2002/07/owl#Thing,,"rapid pulsations felt in the region above the umbilicus, the same as supra-umbilical aortic pulsation",,,TM529550,2.3.164,IST WPRO,臍上悸,palpitations above the umbilicus,,
http://who.int/ictm/signsAndSymptoms#TM529553,palpitations beside the umbilicus / 臍傍悸,,,false,,,http://www.w3.org/2002/07/owl#Thing,,"rapid pulsations felt in the para-umbilical region, the same as para-umbilical aortic pulsation",,,TM529553,2.3.165,IST WPRO,臍傍悸,palpitations beside the umbilicus,,
http://who.int/ictm/signsAndSymptoms#TM529554,Panting / 气喘,,,false,,,http://www.w3.org/2002/07/owl#Thing,呼吸困难，气息迫促的症状。多因外感风寒风热之邪，或邪热炽盛，痰饮停肺，肺肾气虚所致。除肺、心疾病常见气喘外，咽喉或胸廓的病变、温热类疾病、腹内肿瘤或积水等挤压、虚劳类、脱病类疾病等亦可见气喘。,"It refers to difficulty in breathing or apnea. It is usually caused by attack of exogenous wind cold or wind heat, or exuberance of pathogenic heat, retention of phlegm fluid in the lung, deficiency of lung and kidney qi. Apart from diseases of lung and heart, it also can be seen in diseases of the throat and chest, warm diseases, abdominal tumor or ascites, consumptive disease or prostration.",,,TM529554,22.19,GB97,气喘,Panting,,
http://who.int/ictm/signsAndSymptoms#TM529557,paraumbilical and hypochondriac aggregation / 痃癖,,,false,,,http://www.w3.org/2002/07/owl#Thing,,elongated masses located at the side of the umbilicus or in the hypochondriac region that occur intermittently with sharp pain,,,TM529557,2.3.158,IST WPRO,痃癖,paraumbilical and hypochondriac aggregation,,
http://who.int/ictm/signsAndSymptoms#TM529558,paroxysmal pain / 陣發痛,,,false,,,http://www.w3.org/2002/07/owl#Thing,,pain recurring in paroxysms,,,TM529558,2.3.89,IST WPRO,陣發痛,paroxysmal pain,,
http://who.int/ictm/signsAndSymptoms#TM529551,palpitations below the heart / 心下悸,,,false,,,http://www.w3.org/2002/07/owl#Thing,,pulsations felt in the epigastric region below the xiphoid process,,,TM529551,2.3.142,IST WPRO,心下悸,palpitations below the heart,,
http://who.int/ictm/signsAndSymptoms#TM529552,palpitations below the umbilicus / 臍下悸; 臍下悸動,,,false,,,http://www.w3.org/2002/07/owl#Thing,,"rapid pulsations felt in the region below the umbilicus, the same as sub-umbilical aortic pulsation",,,TM529552,2.3.166,IST WPRO,臍下悸; 臍下悸動,palpitations below the umbilicus,,
http://who.int/ictm/signsAndSymptoms#TM529555,Paralysis / 瘫痪,,,false,,,http://www.w3.org/2002/07/owl#Thing,肢体痿软、纵弛不用的症状。多因寒湿热毒瘀痰等邪阻滞经络，或因精血亏虚而筋肉失养，或因脑系病变及经气阻滞等所致。导致瘫痪的常见疾病有中风、风痱、气厥、脑部肿瘤，软脚瘟等疫病类疾病，肌痿、脚气、痿躄、肢痿等躯体病，头颅及脊柱损伤或手术创伤等亦可导致。,"It refers to flaccidity of limbs that cannot function normally, usually caused by the retention of cold dampness, heat toxin and phlegm in the meridians, or atrophy of sinews and muscles due to deficiency of essence and blood, or brain system disease or blockage of meridian qi. It can be seen in diseases such as apoplexy, hemiplegia after attack of apoplexy, qi syncope, brain tumor, pestilent pedal flaccidity as well as muscular flaccidity, beriberi, muscular atropy, limb flaccidity, skull and spine injury or operational injury.",,,TM529555,22.45,GB97,瘫痪,Paralysis,,
http://who.int/ictm/signsAndSymptoms#TM529559,peeled tongue / 光剝舌,,,false,,,http://www.w3.org/2002/07/owl#Thing,,"a tongue that has lost its normal coating, giving the appearance of having been peeled",,,TM529559,2.1.64,IST WPRO,光剝舌,peeled tongue,,
http://who.int/ictm/signsAndSymptoms#TM529353,acid regurgitation / 呑酸 / 탄산,,,false,,,http://www.w3.org/2002/07/owl#Thing,,swallowing of acid contents regurgitated from the stomach to the throat,,,TM529353,2.3.140,IST WPRO,呑酸,acid regurgitation,,탄산
http://who.int/ictm/signsAndSymptoms#TM529359,Aphonia / 失音 / 실음,,,false,,,http://www.w3.org/2002/07/owl#Thing,神清而声音嘶哑，甚至不能发出声音的症状。多由风寒或风热火毒等邪犯喉，肾阴虚、肺虚气弱，或神情失调、气机郁滞等所致。常见于喉喑、喉癣、气厥、喉息肉、白喉、子喑等病中。,"It refers to hoarse voice or even loss of voice with normal mental state. It is usually caused by invasion of wind cold or wind heat and fire toxin into the throat, deficiency of kidney yin, weakness of qi due to lung deficiency, or emotional disturbance, and qi stagnation. It can be commonly seen in aphonia, membranous laryngitis, qi syncope, polyps of larynx, diphtheria and aphonia during pregnancy.",,,TM529359,22.17,GB97,失音,Aphonia,,실음
http://who.int/ictm/signsAndSymptoms#TM529351,absence of sweating / 無汗 / 무한,,,false,,,http://www.w3.org/2002/07/owl#Thing,,"abnormal deficiency or absence of sweating, the same as anhidrosis",,,TM529351,2.3.44,IST WPRO,無汗,absence of sweating,,무한
http://who.int/ictm/signsAndSymptoms#TM529352,aching pain / 酸痛 / 산통,,,false,,,http://www.w3.org/2002/07/owl#Thing,,a continuous dull pain as the sensation produced by prolonged physical exertion,,,TM529352,2.3.84,IST WPRO,酸痛,aching pain,,산통
http://who.int/ictm/signsAndSymptoms#TM529356,alternating chills and fever / 寒熱往來; 往來寒熱; 寒熱交作 / 한열왕래; 왈래한열;한열교작,,,false,,,http://www.w3.org/2002/07/owl#Thing,,chills without fever and fever without chills occurring in alternating succession,,,TM529356,2.3.28,IST WPRO,寒熱往來; 往來寒熱; 寒熱交作,alternating chills and fever,,한열왕래; 왈래한열;한열교작
http://who.int/ictm/signsAndSymptoms#TM529358,anguish in the heart / 心中懊憹 / 심중오농,,,false,,,http://www.w3.org/2002/07/owl#Thing,,heat vexation and oppression in the region of the heart and chest ,,,TM529358,2.3.146,IST WPRO,心中懊憹,anguish in the heart,,심중오농
http://who.int/ictm/signsAndSymptoms#TM529357,Amnesia / 健忘 / 건망,,,false,,,http://www.w3.org/2002/07/owl#Thing,记忆力差、遇事易忘的症状。多因心脾亏虚，年老精气不足，或瘀痰阻痹等所致。常见于神劳、脑萎、头部内伤、中毒等脑系为主的疾病之中。,"It refers to poor memory and forgetfulness, usually caused by deficiency of heart and spleen, insufficiency of essence due to senility, or blockage of stagnant blood and phlegm. It can be seen in mental overstrain, brain atrophy, interior injury of head and poisoning.",,,TM529357,22.8,GB97,健忘,Amnesia,,건망
http://who.int/ictm/signsAndSymptoms#TM529350,abdominal urgency / 裏急 / 이급,,,false,,,http://www.w3.org/2002/07/owl#Thing,,(1) urge to defecate; (2) contraction of genital organ,,,TM529350,2.3.175,IST WPRO,裏急,abdominal urgency,,이급
http://who.int/ictm/signsAndSymptoms#TM529354,afternoon tidal fever / 午後潮熱 / 오후조열,,,false,,,http://www.w3.org/2002/07/owl#Thing,,fever more marked in the afternoon ,,,TM529354,2.3.16,IST WPRO,午後潮熱,afternoon tidal fever,,오후조열
http://who.int/ictm/signsAndSymptoms#TM529355,agitation / 煩躁 / 번조,,,false,,,http://www.w3.org/2002/07/owl#Thing,,"vexation followed by irritability, irascibility, and restlessness",,,TM529355,2.1.10,IST WPRO,煩躁,agitation,,번조
http://who.int/ictm/signsAndSymptoms#TM529426,dry tongue / 舌乾,,,false,,,http://www.w3.org/2002/07/owl#Thing,,a tongue lacking moisture and rough to the touch,,,TM529426,2.1.75,IST WPRO,舌乾,dry tongue,,
http://who.int/ictm/signsAndSymptoms#TM529427,dull pain / 隱痛,,,false,,,http://www.w3.org/2002/07/owl#Thing,,a pain often continuous but not stabbing in nature,,,TM529427,2.3.80,IST WPRO,隱痛,dull pain,,
http://who.int/ictm/signsAndSymptoms#TM529420,dribbling urination / 小便淋漓,,,false,,,http://www.w3.org/2002/07/owl#Thing,,dribbling discharge of urine with inability to achieve a full stream,,,TM529420,2.3.198,IST WPRO,小便淋漓,dribbling urination,,
http://who.int/ictm/signsAndSymptoms#TM529428,Dysphagia / 噎膈,,,false,,,http://www.w3.org/2002/07/owl#Thing,吞咽不顺，饮食梗塞难下的症状。气结、火郁、痰凝、血瘀、津枯等为噎膈常见病机。噎膈为食管病变的常见症状，胃与胸膈、心脏、口腔咽喉的某些病变，以及痹、痿、瘫、风类疾病，亦可导致噎膈。,"It refers to difficulty in swallowing with food stuck in the throat. It can be caused by qi stagnation, fire depression, phlegm stagnation and fluid exhaustion. It is the commonly encountered symptom of esophagopathy and also can be seen in diseases involving the stomach, chest, diaphragm, heart, oral cavity and throat as well as impediment, flaccidity, paralysis and stroke.",,,TM529428,22.26,GB97,噎膈,Dysphagia,,
http://who.int/ictm/signsAndSymptoms#TM529421,dry and cracked fur / 燥裂苔,,,false,,,http://www.w3.org/2002/07/owl#Thing,,a tongue coating that lacks moisture and develops cracks,,,TM529421,2.1.93,IST WPRO,燥裂苔,dry and cracked fur,,
http://who.int/ictm/signsAndSymptoms#TM529423,dry mouth / 口乾,,,false,,,http://www.w3.org/2002/07/owl#Thing,,lack of fluid in the mouth,,,TM529423,2.3.115,IST WPRO,口乾,dry mouth,,
http://who.int/ictm/signsAndSymptoms#TM529422,dry fur / 燥苔,,,false,,,http://www.w3.org/2002/07/owl#Thing,,a tongue coating that looks dry and feels dry to the touch,,,TM529422,2.1.92,IST WPRO,燥苔,dry fur,,
http://who.int/ictm/signsAndSymptoms#TM529429,ear pain / 耳痛,,,false,,,http://www.w3.org/2002/07/owl#Thing,,pain in the ear,,,TM529429,2.3.62,IST WPRO,耳痛,ear pain,,
http://who.int/ictm/signsAndSymptoms#TM529424,dry retching / 乾嘔,,,false,,,http://www.w3.org/2002/07/owl#Thing,,"a noisy involuntary effort to vomit, but without bringing anything up from the stomach",,,TM529424,2.3.135,IST WPRO,乾嘔,dry retching,,
http://who.int/ictm/signsAndSymptoms#TM529425,dry stool / 大便乾燥; 燥屎,,,false,,,http://www.w3.org/2002/07/owl#Thing,,"feces lacking moisture content, difficult to evacuate",,,TM529425,2.3.189,IST WPRO,大便乾燥; 燥屎,dry stool,,
http://who.int/ictm/signsAndSymptoms#TM529596,sloppy stool / 便溏,,,false,,,http://www.w3.org/2002/07/owl#Thing,,"discharge of soft, unformed stools, the same as loose stool",,,TM529596,2.3.185,IST WPRO,便溏,sloppy stool,,
http://who.int/ictm/signsAndSymptoms#TM529591,Skin itching / 皮肤瘙痒,,,false,,,http://www.w3.org/2002/07/owl#Thing,自觉皮肤瘙痒的症状。多因风邪外袭，或因血热内扰，或血虚失养等所致。常见于各种皮肤疾病，以及食物过敏、药物过敏、经前隐疹、妊娠风疹、阴痒等病。,"It refers to subjective feeling of skin itching, usually caused by attack of pathogenic wind, or interior disturbance of blood heat, or atrophy due to blood deficiency. It can be seen in various skin diseases and other disorders like food allergy, drug allergy, premenstrual urticaria, rebulla during pregnancy and pruritus vulvae.",,,TM529591,22.49,GB97,皮肤瘙痒,Skin itching,,
http://who.int/ictm/signsAndSymptoms#TM529599,somnolence / 嗜睡; 嗜臥,,,false,,,http://www.w3.org/2002/07/owl#Thing,,excessive sleepiness night and day,,,TM529599,2.3.52,IST WPRO,嗜睡; 嗜臥,somnolence,,
http://who.int/ictm/signsAndSymptoms#TM529597,snoring / 鼻鼾,,,false,,,http://www.w3.org/2002/07/owl#Thing,,rough and noisy breathing while sleeping,,,TM529597,2.2.25,IST WPRO,鼻鼾,snoring,,
http://who.int/ictm/signsAndSymptoms#TM529595,sloppy diarrhea / 溏泄,,,false,,,http://www.w3.org/2002/07/owl#Thing,,"diarrhea with soft, unformed stool",,,TM529595,2.3.181,IST WPRO,溏泄,sloppy diarrhea,,
http://who.int/ictm/signsAndSymptoms#TM529590,shivering / 寒戰,,,false,,,http://www.w3.org/2002/07/owl#Thing,,violent chills with trembling,,,TM529590,2.3.8,IST WPRO,寒戰,shivering,,
http://who.int/ictm/signsAndSymptoms#TM529598,soggy diarrhea / 濡泄,,,false,,,http://www.w3.org/2002/07/owl#Thing,,diarrhea due to damage to the spleen by exuberant dampness,,,TM529598,2.3.183,IST WPRO,濡泄,soggy diarrhea,,
http://who.int/ictm/signsAndSymptoms#TM529592,sleep walking / 夢遊,,,false,,,http://www.w3.org/2002/07/owl#Thing,,rising out of bed and walking about or performing other behavior during an apparent state of sleep,,,TM529592,2.3.55,IST WPRO,夢遊,sleep walking,,
http://who.int/ictm/signsAndSymptoms#TM529594,slippery fur / 滑苔,,,false,,,http://www.w3.org/2002/07/owl#Thing,,"a moist tongue coating with excessive fluid, feels slippery ",,,TM529594,2.1.94,IST WPRO,滑苔,slippery fur,,
http://who.int/ictm/signsAndSymptoms#TM529593,slimy fur / 膩苔,,,false,,,http://www.w3.org/2002/07/owl#Thing,,"a dense, turbid, slimy tongue coating, sticking on the tongue, hard to wipe off, also known as greasy fur",,,TM529593,2.1.95,IST WPRO,膩苔,slimy fur,,
http://who.int/ictm/signsAndSymptoms#TM529495,impotence / 陽痿,,,false,,,http://www.w3.org/2002/07/owl#Thing,,lack of copulative power in the male,,,TM529495,2.3.201,IST WPRO,陽痿,impotence,,
http://who.int/ictm/signsAndSymptoms#TM529491,Hematuria / 尿血,,,false,,,http://www.w3.org/2002/07/owl#Thing,血随小便排出的症状。常因湿热下注、阴虚火旺、疫毒或药毒伤肾等所致。石淋、热淋、子淋、肾瘅、肾痨，肾及膀胱的癌瘤，某些血液病变、传染病等常可见尿血。,"It refers to blood discharged in urine, usually caused by downward flow of dampness heat, exuberance of fire due to yin deficiency, kidney impairment due to pestilence or drug toxin. It can be seen in stony stranguria, heat stranguria, stranguria during pregnancy, acute pyelonephritis, kidney tuberculosis, tumor or cancer of kidney and bladder, blood disease or infectious diseases.",,,TM529491,22.41,GB97,尿血,Hematuria,,
http://who.int/ictm/signsAndSymptoms#TM529493,high fever / 壯熱,,,false,,,http://www.w3.org/2002/07/owl#Thing,,persistent high fever with aversion to heat but no chills,,,TM529493,2.3.12,IST WPRO,壯熱,high fever,,
http://who.int/ictm/signsAndSymptoms#TM529499,internal cold and external heat / 內寒外熱,,,false,,,http://www.w3.org/2002/07/owl#Thing,,a complex condition characterized by the simultaneous presence of heat in the exterior portion of the body and cold in the interior  ,,,TM529499,2.3.30,IST WPRO,內寒外熱,internal cold and external heat,,
http://who.int/ictm/signsAndSymptoms#TM529498,insensitivity / 不仁,,,false,,,http://www.w3.org/2002/07/owl#Thing,,"no perception to touch, also known as numbness",,,TM529498,2.3.99,IST WPRO,不仁,insensitivity,,
http://who.int/ictm/signsAndSymptoms#TM529497,inhibited urination / 小便不利,,,false,,,http://www.w3.org/2002/07/owl#Thing,,"difficult discharge of urine, usually scanty in amount, the same as dysuria",,,TM529497,2.3.193,IST WPRO,小便不利,inhibited urination,,
http://who.int/ictm/signsAndSymptoms#TM529496,Insomnia / 失眠,,,false,,,http://www.w3.org/2002/07/owl#Thing,经常不能获得正常睡眠的症状。常见于不寐、神劳、癫病、狂病、脏躁、脑络痹等脑系疾病，亦可因其他全身疾病引起。,"inability to sleep or abnormal wakefulness. It can be seen in disorders such as sleeplessness, neurathenia, depressive psychosis, mania, hysteria, cerebral artheriosclerosis and other systemic diseases.",,,TM529496,2.3.53 and 22.7,IST WPRO and GB 97,失眠,Insomnia,,
http://who.int/ictm/signsAndSymptoms#TM529492,hemoptysis / 喀血; 咳血,,,false,,,http://www.w3.org/2002/07/owl#Thing,血来自肺或气管，血随咳嗽而出的症状。,the expectoration of blood or blood-stained sputum,,,TM529492,2.3.102 AND 22.2,IST WPRO and GB 97,喀血; 咳血,hemoptysis,,
http://who.int/ictm/signsAndSymptoms#TM529490,heimyaku / 平脈,,,false,,,http://www.w3.org/2002/07/owl#Thing,,normal pulse,,,TM529490,,JSOM,,heimyaku,平脈,
http://who.int/ictm/signsAndSymptoms#TM529494,Hypochondriac pain / 胁痛,,,false,,,http://www.w3.org/2002/07/owl#Thing,自觉一侧或两侧胁部疼痛的症状。,"It refers to pain on the one or both sides of the hypochondrium, pertaining to the category of chest pain in a broad sense. ",,,TM529494,2.3.65 and 22.30,IST WPRO and GB 97,胁痛,Hypochondriac pain,,
http://who.int/ictm/signsAndSymptoms#TM529539,numbness of the skin / 肌膚麻木,,,false,,,http://www.w3.org/2002/07/owl#Thing,,local absence of normal sensation in the skin,,,TM529539,2.3.98,IST WPRO,肌膚麻木,numbness of the skin,,
http://who.int/ictm/signsAndSymptoms#TM529534,nasal congestion / 鼻塞; 鼻窒,,,false,,,http://www.w3.org/2002/07/owl#Thing,,blockage of the nasal passage,,,TM529534,2.3.113,IST WPRO,鼻塞; 鼻窒,nasal congestion,,
http://who.int/ictm/signsAndSymptoms#TM529531,mukan / 無汗,,,false,,,http://www.w3.org/2002/07/owl#Thing,,anhidrosis,,,TM529531,,JSOM,,mukan,無汗,
http://who.int/ictm/signsAndSymptoms#TM529538,numbness in the mouth / 口麻,,,false,,,http://www.w3.org/2002/07/owl#Thing,,numbness of the tongue with diminished taste sensitivity,,,TM529538,2.3.126,IST WPRO,口麻,numbness in the mouth,,
http://who.int/ictm/signsAndSymptoms#TM529535,nausea / 惡心,,,false,,,http://www.w3.org/2002/07/owl#Thing,,an unpleasant sensation with an urge to vomit,,,TM529535,2.3.130,IST WPRO,惡心,nausea,,
http://who.int/ictm/signsAndSymptoms#TM529532,muscular twitching and cramp / 筋惕肉瞤,,,false,,,http://www.w3.org/2002/07/owl#Thing,,short spastic muscular contractions,,,TM529532,2.3.100,IST WPRO,筋惕肉瞤,muscular twitching and cramp,,
http://who.int/ictm/signsAndSymptoms#TM529536,night sweating / 盜汗,,,false,,,http://www.w3.org/2002/07/owl#Thing,睡时汗出，醒后汗止的汗出异常症状,sweating during sleep that ceases on awakening,,,TM529536,2.3.34 and 22.4,IST WPRO and GB 97,盜汗,night sweating,,
http://who.int/ictm/signsAndSymptoms#TM529537,numbness below the umbilicus / 臍下不仁,,,false,,,http://www.w3.org/2002/07/owl#Thing,,loss of sensation in the region below the umbilicus,,,TM529537,2.3.168,IST WPRO,臍下不仁,numbness below the umbilicus,,
http://who.int/ictm/signsAndSymptoms#TM529530,mouth odor / 口氣,,,false,,,http://www.w3.org/2002/07/owl#Thing,,smell emitted from the mouth,,,TM529530,2.2.26,IST WPRO,口氣,mouth odor,,
http://who.int/ictm/signsAndSymptoms#TM529533,myakusho / 脈象,,,false,,,http://www.w3.org/2002/07/owl#Thing,,pulse manifestation; pulse condition; pulse image,,,TM529533,,JSOM,,myakusho,脈象,
http://who.int/ictm/signsAndSymptoms#TM529660,"vexing heat in the chest, palms and soles / 五心煩熱",,,false,,,http://www.w3.org/2002/07/owl#Thing,,"feeling of heat in the palms of hands, soles of feet and in the chest, accompanied by uneasiness or restlessness, also called five center heat ",,,TM529660,2.3.22,IST WPRO,五心煩熱,"vexing heat in the chest, palms and soles",,
http://who.int/ictm/signsAndSymptoms#TM529661,vexing heat in the extremities / 手足煩熱,,,false,,,http://www.w3.org/2002/07/owl#Thing,,uncomfortable heat sensation in the extremities,,,TM529661,2.3.24,IST WPRO,手足煩熱,vexing heat in the extremities,,
http://who.int/ictm/signsAndSymptoms#TM529667,watery diarrhea / 水瀉; 注泄,,,false,,,http://www.w3.org/2002/07/owl#Thing,,"serious diarrhea with a forceful stream of watery stool, also the same as outpour diarrhea",,,TM529667,2.3.171,IST WPRO,水瀉; 注泄,watery diarrhea,,
http://who.int/ictm/signsAndSymptoms#TM529664,vomiting in the evening of food eaten in the morning / 朝食暮吐,,,false,,,http://www.w3.org/2002/07/owl#Thing,,"a characteristic symptom of stomach reflux, usually occurring together with vomiting in the morning of food eaten in the evening",,,TM529664,2.3.133,IST WPRO,朝食暮吐,vomiting in the evening of food eaten in the morning,,
http://who.int/ictm/signsAndSymptoms#TM529669,white sandy fur / 白砂苔,,,false,,,http://www.w3.org/2002/07/owl#Thing,,white dry and thick tongue coating like a layer of sand,,,TM529669,2.1.83,IST WPRO,白砂苔,white sandy fur,,
http://who.int/ictm/signsAndSymptoms#TM529663,vomiting / 呕吐,,,false,,,http://www.w3.org/2002/07/owl#Thing,胃内容物从口中吐出的症状。,forcible expulsion of the stomach contents through the mouth,,,TM529663,2.3.132 AND 22.24,IST WPRO and GB 97,呕吐,vomiting,,
http://who.int/ictm/signsAndSymptoms#TM529666,wandering pain / 遊走痛,,,false,,,http://www.w3.org/2002/07/owl#Thing,,pain in the joints of the extremities with repeated change of location,,,TM529666,2.3.85,IST WPRO,遊走痛,wandering pain,,
http://who.int/ictm/signsAndSymptoms#TM529668,white fur / 白苔,,,false,,,http://www.w3.org/2002/07/owl#Thing,,tongue coating white in color,,,TM529668,2.1.82,IST WPRO,白苔,white fur,,
http://who.int/ictm/signsAndSymptoms#TM529662,visiting complexion / 客色,,,false,,,http://www.w3.org/2002/07/owl#Thing,,a normal complexion influenced by a change of climate,,,TM529662,2.1.23,IST WPRO,客色,visiting complexion,,
http://who.int/ictm/signsAndSymptoms#TM529665,vomiting in the morning of food eaten in the evening / 暮食朝吐,,,false,,,http://www.w3.org/2002/07/owl#Thing,,"a characteristic symptom of stomach reflux, usually occurring together with vomiting in the evening of food eaten in the morning",,,TM529665,2.3.134,IST WPRO,暮食朝吐,vomiting in the morning of food eaten in the evening,,
http://who.int/ictm/signsAndSymptoms#TM529477,hangaihanri / 半外半裏,,,false,,,http://www.w3.org/2002/07/owl#Thing,,half-out and half-in conformation,,,TM529477,,JSOM,,hangaihanri,半外半裏,
http://who.int/ictm/signsAndSymptoms#TM529474,gripping pain / 絞痛,,,false,,,http://www.w3.org/2002/07/owl#Thing,,"an acute pain in the chest or abdomen, often caused by spasm, obstruction or twisting, also called spasm and pain",,,TM529474,2.3.77,IST WPRO,絞痛,gripping pain,,
http://who.int/ictm/signsAndSymptoms#TM529476,half-body sweating / 半身汗出,,,false,,,http://www.w3.org/2002/07/owl#Thing,,"sweating only on the upper or lower, right or left half of the body ",,,TM529476,2.3.46,IST WPRO,半身汗出,half-body sweating,,
http://who.int/ictm/signsAndSymptoms#TM529470,governing complexion / 主色,,,false,,,http://www.w3.org/2002/07/owl#Thing,,normal natural color of the skin ,,,TM529470,2.1.22,IST WPRO,主色,governing complexion,,
http://who.int/ictm/signsAndSymptoms#TM529478,hard bound stool / 大便硬結,,,false,,,http://www.w3.org/2002/07/owl#Thing,,hardened feces difficult to evacuate,,,TM529478,2.3.188,IST WPRO,大便硬結,hard bound stool,,
http://who.int/ictm/signsAndSymptoms#TM529471,gray fur / 灰苔,,,false,,,http://www.w3.org/2002/07/owl#Thing,,tongue coating gray in color with similar clinical significance as black fur,,,TM529471,2.1.86,IST WPRO,灰苔,gray fur,,
http://who.int/ictm/signsAndSymptoms#TM529473,greenish fur / 綠苔,,,false,,,http://www.w3.org/2002/07/owl#Thing,,tongue coating green in color,,,TM529473,2.1.87,IST WPRO,綠苔,greenish fur,,
http://who.int/ictm/signsAndSymptoms#TM529479,hardness and fullness / 鞕滿; 硬滿,,,false,,,http://www.w3.org/2002/07/owl#Thing,,feeling hard to touch with a subjective feeling of fullness,,,TM529479,2.3.154,IST WPRO,鞕滿; 硬滿,hardness and fullness,,
http://who.int/ictm/signsAndSymptoms#TM529472,great dripping sweat / 大汗淋漓,,,false,,,http://www.w3.org/2002/07/owl#Thing,,abnormal profuse sweat with continuous dripping,,,TM529472,2.3.49,IST WPRO,大汗淋漓,great dripping sweat,,
http://who.int/ictm/signsAndSymptoms#TM529475,half-body absence of sweating / 半身無汗,,,false,,,http://www.w3.org/2002/07/owl#Thing,,"no sweating on the upper or lower, right or left half of the body ",,,TM529475,2.3.47,IST WPRO,半身無汗,half-body absence of sweating,,
http://who.int/ictm/signsAndSymptoms#TM529635,teeth-marked tongue / 齒痕舌,,,false,,,http://www.w3.org/2002/07/owl#Thing,,a tongue with dental indentations on its margin,,,TM529635,2.1.62,IST WPRO,齒痕舌,teeth-marked tongue,,
http://who.int/ictm/signsAndSymptoms#TM529639,thin fur / 薄苔,,,false,,,http://www.w3.org/2002/07/owl#Thing,,a tongue coating through which the underlying tongue surface is faintly visible,,,TM529639,2.1.88,IST WPRO,薄苔,thin fur,,
http://who.int/ictm/signsAndSymptoms#TM529631,swift digestion with rapid hungering / 消穀善饑,,,false,,,http://www.w3.org/2002/07/owl#Thing,,excessive appetite with increased food intake and recurrence of hunger sensation shortly after eating,,,TM529631,2.3.118,IST WPRO,消穀善饑,swift digestion with rapid hungering,,
http://who.int/ictm/signsAndSymptoms#TM529634,taste in the mouth / 口味,,,false,,,http://www.w3.org/2002/07/owl#Thing,,the taste experienced when there is nothing in the mouth,,,TM529634,2.3.119,IST WPRO,口味,taste in the mouth,,
http://who.int/ictm/signsAndSymptoms#TM529638,thick fur / 厚苔,,,false,,,http://www.w3.org/2002/07/owl#Thing,,a tongue coating through which the underlying tongue surface is not visible,,,TM529638,2.1.89,IST WPRO,厚苔,thick fur,,
http://who.int/ictm/signsAndSymptoms#TM529633,swollen tongue / 腫脹舌,,,false,,,http://www.w3.org/2002/07/owl#Thing,,a large and bulging tongue that makes the mouth full or difficult to open,,,TM529633,2.1.58,IST WPRO,腫脹舌,swollen tongue,,
http://who.int/ictm/signsAndSymptoms#TM529630,sweet taste in the mouth / 口甜,,,false,,,http://www.w3.org/2002/07/owl#Thing,,a subjective sweet sensation in the mouth,,,TM529630,2.3.122,IST WPRO,口甜,sweet taste in the mouth,,
http://who.int/ictm/signsAndSymptoms#TM529636,tenesmus / 裏急後重,,,false,,,http://www.w3.org/2002/07/owl#Thing,,ineffectual and painful straining at stool,,,TM529636,2.3.176,IST WPRO,裏急後重,tenesmus,,
http://who.int/ictm/signsAndSymptoms#TM529637,tensiki flatus / 転失気,,,false,,,http://www.w3.org/2002/07/owl#Thing,,movement of gas in the intestinal tract; the breaking of wind,,,TM529637,,JSOM,,tensiki flatus,転失気,
http://who.int/ictm/signsAndSymptoms#TM529632,swill diarrhea / 飧泄,,,false,,,http://www.w3.org/2002/07/owl#Thing,,diarrhea marked by watery stool containing undigested food,,,TM529632,2.3.184,IST WPRO,飧泄,swill diarrhea,,
http://who.int/ictm/signsAndSymptoms#TM529433,empty pain / 空痛,,,false,,,http://www.w3.org/2002/07/owl#Thing,,a pain accompanied by feeling of emptiness,,,TM529433,2.3.81,IST WPRO,空痛,empty pain,,
http://who.int/ictm/signsAndSymptoms#TM529439,epistaxis / 衄血,,,false,,,http://www.w3.org/2002/07/owl#Thing,,"non-traumatic external bleeding, including bleeding from the ear, nose, gum, and tongue, and subcutaneous hemorrhage",,,TM529439,2.3.103,IST WPRO,衄血,epistaxis,,
http://who.int/ictm/signsAndSymptoms#TM529437,Epigastralgia / 胃脘痛,,,false,,,http://www.w3.org/2002/07/owl#Thing,自觉剑突下的上腹部位疼痛的症状。多因寒热侵扰，饮食失调，阴阳气血不足，气滞血瘀等使胃失和降所致。胃脘痛是胃部病变的常见症状，肠、胰、胆、肝、脾的病变亦常表现为胃脘部位的疼痛，甚至厥心痛等病有时亦可表现为胃脘痛。,"It refers to pain in the upper abdomen (beneath the xiphoid process). It is usually caused by invasion of cold heat and improper diet; insufficiency of yin, yang, qi and blood; qi stagnation and blood stasis that lead to failure of stomach qi to descend normally. It is the commonly encountered symptom of stomach disease and also can be seen in diseases of bowels, pancreas, gallbladder, liver and spleen. Sometimes it is even seen in precordial pain.",,,TM529437,22.27,GB97,胃脘痛,Epigastralgia,,
http://who.int/ictm/signsAndSymptoms#TM529432,efflux diarrhea / 滑泄,,,false,,,http://www.w3.org/2002/07/owl#Thing,,diarrhea with fecal incontinence,,,TM529432,2.3.178,IST WPRO,滑泄,efflux diarrhea,,
http://who.int/ictm/signsAndSymptoms#TM529436,enuresis / 遺尿,,,false,,,http://www.w3.org/2002/07/owl#Thing,,involuntary discharge of urine during sleep,,,TM529436,2.3.200,IST WPRO,遺尿,enuresis,,
http://who.int/ictm/signsAndSymptoms#TM529430,ebyo / 壊病,,,false,,,http://www.w3.org/2002/07/owl#Thing,,atypical symptoms resulting from mistreatment,,,TM529430,,JSOM,,ebyo,壊病,
http://who.int/ictm/signsAndSymptoms#TM529435,enlarged tongue / 胖大舌,,,false,,,http://www.w3.org/2002/07/owl#Thing,,"a tongue that is larger than normal, pale in color and delicate, usually bearing dental indentations on the margin",,,TM529435,2.1.57,IST WPRO,胖大舌,enlarged tongue,,
http://who.int/ictm/signsAndSymptoms#TM529434,encrusted skin / 肌膚甲錯,,,false,,,http://www.w3.org/2002/07/owl#Thing,,"dried, roughened and scaling skin, indicating chronic blood stasis",,,TM529434,2.1.29,IST WPRO,肌膚甲錯,encrusted skin,,
http://who.int/ictm/signsAndSymptoms#TM529438,Epigastric upset / 嘈杂,,,false,,,http://www.w3.org/2002/07/owl#Thing,自觉胃中空虚，似饥非饥，似痛非痛，似辣非辣，脘部懊恼，莫可名状的一种症状。多因伤食、胃寒、胃热、阴血亏虚及肝胃不和等所致。胃及食管的病变，胆胀、胰胀等病常可见嘈杂。,"It refers to sensation of emptiness in the stomach that is similar to hunger but is not hunger, similar to pain but is not pain, similar to heartburn but is not heartburn. It is something like gastric anguish and seems inexpressible. It is usually caused by improper diet, stomach cold, stomach heat, deficieny of yin blood or disharmony of the liver and stomach. It can be seen in diseases of stomach and esophagus, or gallbladder distention, pancreas distention, etc.",,,TM529438,22.28,GB97,嘈杂,Epigastric upset,,
http://who.int/ictm/signsAndSymptoms#TM529431,Edema / 水肿,,,false,,,http://www.w3.org/2002/07/owl#Thing,眼睑、头面、四肢、腹背或全身浮肿的症状。一般按病之新久缓急和邪正虚实而有阳水、阴水之分。外邪侵袭，或劳倦内伤，或饮食失调，使气化不利而水液潴留，泛滥肌肤则发为水肿。其常见疾病有风水、皮水、石水、正水、肾水、溢饮、脾水、心衰、经行浮肿、子肿等。凡以水肿为主要表现的疾病，可以归纳为水肿病类。,"It refers to dropsy of the eyelids, head, face, abdomen, back and even the whole body. It can be divided into yang edema and yin edema according to its onset, duration and nature. It can be caused by the invasion of exogenous pathogenic factors, or interior injury due to overstrain, or improper diet, which lead to the dysfunction of qi in transformation and retention of water beneath the skin. It can be seen in wind edema, skin edema, stony edema, general edema, kidney edema, fluid retention, spleen edema, heart failure, menstrual edema, edema during pregnancy. All of the diseases with the manifestation of edema pertain to the category of edema disease.",,,TM529431,22.43,GB97,水肿,Edema,,
http://who.int/ictm/signsAndSymptoms#TM529540,oily sweat / 油汗,,,false,,,http://www.w3.org/2002/07/owl#Thing,,sticky sweat like oil,,,TM529540,2.3.48,IST WPRO,油汗,oily sweat,,
http://who.int/ictm/signsAndSymptoms#TM529548,pale white complexion / 面色淡白,,,false,,,http://www.w3.org/2002/07/owl#Thing,,"a colorless complexion, often indicating blood deficiency or profuse loss of blood",,,TM529548,2.1.13,IST WPRO,面色淡白,pale white complexion,,
http://who.int/ictm/signsAndSymptoms#TM529549,palpitations / 心悸,,,false,,,http://www.w3.org/2002/07/owl#Thing,自觉心搏跳动异常，心慌不安的症状。,a subjective sensation of rapid and forceful beating of the heart,,,TM529549,2.3.141 AND 22.22,IST WPRO and GB 97,心悸,palpitations,,
http://who.int/ictm/signsAndSymptoms#TM529545,pale complexion / 面色蒼白,,,false,,,http://www.w3.org/2002/07/owl#Thing,,"a white complexion with a hint of blue or gray, a complexion often caused by yang collapse or exuberance of cold",,,TM529545,2.1.14,IST WPRO,面色蒼白,pale complexion,,
http://who.int/ictm/signsAndSymptoms#TM529543,oppressive pain / 悶痛,,,false,,,http://www.w3.org/2002/07/owl#Thing,,a pain accompanied by feeling of oppression,,,TM529543,2.3.83,IST WPRO,悶痛,oppressive pain,,
http://who.int/ictm/signsAndSymptoms#TM529546,pale red tongue / 淡紅舌,,,false,,,http://www.w3.org/2002/07/owl#Thing,,a tongue of normal color,,,TM529546,2.1.51,IST WPRO,淡紅舌,pale red tongue,,
http://who.int/ictm/signsAndSymptoms#TM529542,oppression in the chest / 胸悶,,,false,,,http://www.w3.org/2002/07/owl#Thing,,feeling of oppression in the chest,,,TM529542,2.3.156,IST WPRO,胸悶,oppression in the chest,,
http://who.int/ictm/signsAndSymptoms#TM529541,onetsu / 悪熱,,,false,,,http://www.w3.org/2002/07/owl#Thing,,aversion to heat; fear of fever,,,TM529541,,JSOM,,onetsu,悪熱,
http://who.int/ictm/signsAndSymptoms#TM529547,pale tongue / 淡白舌,,,false,,,http://www.w3.org/2002/07/owl#Thing,,"a tongue less red than normal, indicating qi and blood deficiency or presence of deficiency-cold ",,,TM529547,2.1.50,IST WPRO,淡白舌,pale tongue,,
http://who.int/ictm/signsAndSymptoms#TM529544,pain of unfixed location / 痛無定處,,,false,,,http://www.w3.org/2002/07/owl#Thing,,a pain whose location is not fixed,,,TM529544,2.3.86,IST WPRO,痛無定處,pain of unfixed location,,
http://who.int/ictm/signsAndSymptoms#TM529671,yellow fur / 黃苔,,,false,,,http://www.w3.org/2002/07/owl#Thing,,tongue coating yellow in color,,,TM529671,2.1.84,IST WPRO,黃苔,yellow fur,,
http://who.int/ictm/signsAndSymptoms#TM529670,yellow complexion / 面黃,,,false,,,http://www.w3.org/2002/07/owl#Thing,,"yellow discoloration of the face, generally suggesting spleen deficiency or accumulation of dampness that causes dysfunction of the spleen",,,TM529670,2.1.19,IST WPRO,面黃,yellow complexion,,
http://who.int/ictm/signsAndSymptoms#TM529374,Blindness / 目盲 / 목맹,,,false,,,http://www.w3.org/2002/07/owl#Thing,视力严重下降甚至失明的症状。气血瘀阻、痰热上壅、肝火亢盛、肝肾阴血亏虚等为常见病机。多因内障疾病以及眼的其他疾病所致，亦可因脑神病变等而引起。,"It refers to severe hypopsia or even loss of vision. Its pathogenesis usually involves stagnation of qi and blood, upper attack of phlegm heat, exuberance of liver fire, deficiency liver and kidney yin and blood. It is usually caused by cataract or other diseases of eyes, or brain diseases.",,,TM529374,22.11,GB97,目盲,Blindness,,목맹
http://who.int/ictm/signsAndSymptoms#TM529379,bluish complexion / 面靑 / 면청,,,false,,,http://www.w3.org/2002/07/owl#Thing,,"bluish discoloration of the face, often occurring in cold pattern/syndrome, pains, qi stagnation, blood stasis or convulsions ",,,TM529379,2.1.18,IST WPRO,面靑,bluish complexion,,면청
http://who.int/ictm/signsAndSymptoms#TM529378,blue tongue / 靑舌 / 청설,,,false,,,http://www.w3.org/2002/07/owl#Thing,,"a tongue of bluish color, indicating congealing cold and static blood",,,TM529378,2.1.53,IST WPRO,靑舌,blue tongue,,청설
http://who.int/ictm/signsAndSymptoms#TM529375,blockage when swallowing / 呑食梗塞  / 탄식경색,,,false,,,http://www.w3.org/2002/07/owl#Thing,,difficulty or even inability to swallow,,,TM529375,2.3.131,IST WPRO,呑食梗塞 ,blockage when swallowing,,탄식경색
http://who.int/ictm/signsAndSymptoms#TM529371,bitter taste in the mouth / 口苦 / 구고,,,false,,,http://www.w3.org/2002/07/owl#Thing,,a subjective bitter sensation in the mouth,,,TM529371,2.3.121,IST WPRO,口苦,bitter taste in the mouth,,구고
http://who.int/ictm/signsAndSymptoms#TM529372,black fur / 黑苔 / 흑태,,,false,,,http://www.w3.org/2002/07/owl#Thing,,"tongue coating black in color, indicating either excessive cold or extreme heat in the interior",,,TM529372,2.1.85,IST WPRO,黑苔,black fur,,흑태
http://who.int/ictm/signsAndSymptoms#TM529370,bijikan / 微似汗 / 미사한,,,false,,,http://www.w3.org/2002/07/owl#Thing,,slight sweat,,,TM529370,,JSOM,,bijikan,微似汗,미사한
http://who.int/ictm/signsAndSymptoms#TM529373,bland taste in the mouth / 口淡 / 구담,,,false,,,http://www.w3.org/2002/07/owl#Thing,,"diminished sensitivity of taste, with no pleasant flavor left by eating",,,TM529373,2.3.120,IST WPRO,口淡,bland taste in the mouth,,구담
http://who.int/ictm/signsAndSymptoms#TM529376,blood amassment / 蓄血 / 축혈,,,false,,,http://www.w3.org/2002/07/owl#Thing,,static blood accumulating in the interior,,,TM529376,2.3.105,IST WPRO,蓄血,blood amassment,,축혈
http://who.int/ictm/signsAndSymptoms#TM529377,Hematochezia / 便血 / 변혈;청혈,,,false,,,http://www.w3.org/2002/07/owl#Thing,血自肛门排出，包括血随便出，或便黑如柏油状，或单纯下血的症状。,"loss of blood through anus, with stool, or stool as black as asphalt, or simple bleeding from the anus.  Also known as Bloody Stool",,,TM529377,2.1.31 and 22.37,IST WPRO and GB 97,便血,Hematochezia,,변혈;청혈
http://who.int/ictm/signsAndSymptoms#TM529646,tongue fur / 舌苔,,,false,,,http://www.w3.org/2002/07/owl#Thing,,"a layer of moss-like material covering the tongue, also called tongue coating",,,TM529646,2.1.79,IST WPRO,舌苔,tongue fur,,
http://who.int/ictm/signsAndSymptoms#TM529649,trembling tongue / 顫動舌,,,false,,,http://www.w3.org/2002/07/owl#Thing,,a tongue that involuntarily trembles as it moves,,,TM529649,2.1.70,IST WPRO,顫動舌,trembling tongue,,
http://who.int/ictm/signsAndSymptoms#TM529644,tightness below the heart / 心下支結,,,false,,,http://www.w3.org/2002/07/owl#Thing,,"a feeling of obstruction associated with vexation and distension in the epigastric region, the same as epigastric tightness",,,TM529644,2.3.149,IST WPRO,心下支結,tightness below the heart,,
http://who.int/ictm/signsAndSymptoms#TM529640,thin tongue / 瘦薄舌,,,false,,,http://www.w3.org/2002/07/owl#Thing,,a tongue thinner than normal,,,TM529640,2.1.59,IST WPRO,瘦薄舌,thin tongue,,
http://who.int/ictm/signsAndSymptoms#TM529645,tinnitus / 耳鸣,,,false,,,http://www.w3.org/2002/07/owl#Thing,自觉耳内鸣响的症状。,ringing in the ear,,,TM529645,2.3.111 and 22.12,IST WPRO and GB 97,耳鸣,tinnitus,,
http://who.int/ictm/signsAndSymptoms#TM529643,tidal fever / 潮熱,,,false,,,http://www.w3.org/2002/07/owl#Thing,,fever with periodic rise and fall of body temperature at fixed hours of the day like the morning and evening tides,,,TM529643,2.3.13,IST WPRO,潮熱,tidal fever,,
http://who.int/ictm/signsAndSymptoms#TM529648,torpid intake / 納呆,,,false,,,http://www.w3.org/2002/07/owl#Thing,,"loss of appetite with no desire for food, the same as poor appetite",,,TM529648,2.3.117,IST WPRO,納呆,torpid intake,,
http://who.int/ictm/signsAndSymptoms#TM529641,thirst / 口渴,,,false,,,http://www.w3.org/2002/07/owl#Thing,,feeling of dryness of the mouth with a desire to drink,,,TM529641,2.3.116,IST WPRO,口渴,thirst,,
http://who.int/ictm/signsAndSymptoms#TM529642,throughflux diarrhea / 洞泄,,,false,,,http://www.w3.org/2002/07/owl#Thing,,"diarrhea after eating, with undigested food in the stool",,,TM529642,2.3.179,IST WPRO,洞泄,throughflux diarrhea,,
http://who.int/ictm/signsAndSymptoms#TM529647,Toothache / 牙痛,,,false,,,http://www.w3.org/2002/07/owl#Thing,自觉牙齿或牙龈疼痛的症状。风邪侵袭、胃热上蒸、虚火上炎、脾虚气弱以及虫蚀牙体等均可导致牙痛。其常见疾病有龋齿、牙痈、牙咬痈、齿槽风等。,"It is characterized by subjective symptoms of tooth or gum pain. It is caused by invasion of pathogenic wind, up-flaming of stomach heat, floating fire due to yin deficiency, qi weakness due to spleen deficiency, and erosion of teeth. It can be seen in diseases such as dental caries, dental abscess, gingival abscess with lockjaw, gingival osteomyelitis of dental alveoli, etc.",,,TM529647,22.15,GB97,牙痛,Toothache,,
http://who.int/ictm/signsAndSymptoms#TM529455,fissured tongue / 裂紋舌,,,false,,,http://www.w3.org/2002/07/owl#Thing,,a tongue with fissures on its surface,,,TM529455,2.1.63,IST WPRO,裂紋舌,fissured tongue,,
http://who.int/ictm/signsAndSymptoms#TM529454,fifth-watch diarrhea / 五更泄,,,false,,,http://www.w3.org/2002/07/owl#Thing,,"diarrhea occurring daily at dawn, usually due to kidney yang deficiency, the same as early morning diarrhea",,,TM529454,2.3.177,IST WPRO,五更泄,fifth-watch diarrhea,,
http://who.int/ictm/signsAndSymptoms#TM529452,fever without chills / 但熱不寒,,,false,,,http://www.w3.org/2002/07/owl#Thing,,elevation of the body temperature with no feeling of cold,,,TM529452,2.3.10,IST WPRO,但熱不寒,fever without chills,,
http://who.int/ictm/signsAndSymptoms#TM529457,flusteredness / 心慌,,,false,,,http://www.w3.org/2002/07/owl#Thing,,a nervous agitated state often with palpitations ,,,TM529457,2.3.143,IST WPRO,心慌,flusteredness,,
http://who.int/ictm/signsAndSymptoms#TM529453,fever worsening at night / 身熱夜甚,,,false,,,http://www.w3.org/2002/07/owl#Thing,,fever more marked at night than at daytime ,,,TM529453,2.3.18,IST WPRO,身熱夜甚,fever worsening at night,,
http://who.int/ictm/signsAndSymptoms#TM529450,fetid mouth odor / 口臭,,,false,,,http://www.w3.org/2002/07/owl#Thing,,"bad smell from the mouth, the same as halitosis",,,TM529450,2.2.27,IST WPRO,口臭,fetid mouth odor,,
http://who.int/ictm/signsAndSymptoms#TM529456,fixed pain / 固定痛,,,false,,,http://www.w3.org/2002/07/owl#Thing,,a pain that is fixed in location,,,TM529456,2.3.87,IST WPRO,固定痛,fixed pain,,
http://who.int/ictm/signsAndSymptoms#TM529459,frequent urination / 小便頻數,,,false,,,http://www.w3.org/2002/07/owl#Thing,,increased frequency of urination,,,TM529459,2.3.195,IST WPRO,小便頻數,frequent urination,,
http://who.int/ictm/signsAndSymptoms#TM529451,Fever / 发热,,,false,,,http://www.w3.org/2002/07/owl#Thing,以体温升高，或自觉发热为主的症状。,elevation of the body temperature above the normal or subjective feeling of feverishness,,,TM529451,2.3.3 and 22.1,IST WPRO and GB 97,发热,Fever,,
http://who.int/ictm/signsAndSymptoms#TM529458,form of the tongue / 舌形,,,false,,,http://www.w3.org/2002/07/owl#Thing,,"referring to the shape, luxuriance and witheredness, toughness and softness, thinness and swelling, spots, fissures, and dental indentations",,,TM529458,2.1.78,IST WPRO,舌形,form of the tongue,,
http://who.int/ictm/signsAndSymptoms#TM529523,mental confusion / 神昏,,,false,,,http://www.w3.org/2002/07/owl#Thing,神识丧失，对环境刺激缺乏反应的症状。轻者称晕厥或昏厥。,"clouding of consciousness with sleepiness, but responsive to calling",,,TM529523,2.1.7 AND 22.10,IST WPRO and GB 97,神昏,mental confusion,,
http://who.int/ictm/signsAndSymptoms#TM529525,mild fever / 微熱,,,false,,,http://www.w3.org/2002/07/owl#Thing,,"low-grade fever, mostly due to interior heat",,,TM529525,2.3.14,IST WPRO,微熱,mild fever,,
http://who.int/ictm/signsAndSymptoms#TM529529,motility of the tongue / 舌態,,,false,,,http://www.w3.org/2002/07/owl#Thing,,the ability of the tongue to move spontaneously,,,TM529529,2.1.77,IST WPRO,舌態,motility of the tongue,,
http://who.int/ictm/signsAndSymptoms#TM529527,moist fur / 潤苔,,,false,,,http://www.w3.org/2002/07/owl#Thing,,a moderately moistened tongue coating,,,TM529527,2.1.91,IST WPRO,潤苔,moist fur,,
http://who.int/ictm/signsAndSymptoms#TM529528,morbid complexion / 病色,,,false,,,http://www.w3.org/2002/07/owl#Thing,,abnormal color of the face caused by disease,,,TM529528,2.1.24,IST WPRO,病色,morbid complexion,,
http://who.int/ictm/signsAndSymptoms#TM529522,malign complexion / 惡色,,,false,,,http://www.w3.org/2002/07/owl#Thing,,"dark and gloomy complexion indicating an unfavorable prognosis, also the same as unhealthy complexion",,,TM529522,2.1.26,IST WPRO,惡色,malign complexion,,
http://who.int/ictm/signsAndSymptoms#TM529521,"luxuriant, withered, tough and tender-soft / 榮枯老嫩",,,false,,,http://www.w3.org/2002/07/owl#Thing,,"a luxuriant tongue is moistened and fresh red in color; a withered tongue is dull, dark, dry and shriveled; a tough tongue is firm with rough texture; a tender-soft tongue is delicate with fine texture",,,TM529521,2.1.49,IST WPRO,榮枯老嫩,"luxuriant, withered, tough and tender-soft",,
http://who.int/ictm/signsAndSymptoms#TM529524,Metrorrhagia and metrostaxis / 崩漏,,,false,,,http://www.w3.org/2002/07/owl#Thing,妇女非正常行经而阴道下血如崩或淋漓不尽的症状。势急而出血量多者为崩；势缓而出血量少、淋漓不断者为漏。多由血热、湿热、气虚、血瘀、外伤等所致。妇女月经病变，崩漏病，以及石瘕、胎漏、异位妊娠、新产血崩、产后恶露不绝，疫斑热、紫癜病、血溢病等病中皆可出现崩漏。,"It refers to bleeding or dribbing bleeding from the vagina which is not normal menses. Hemorrhage from the vagina is either profuse or dribbing. It is usually caused by blood heat, dampness heat, qi deficiency, blood stasis and traumatic injury. It can be seen in menstrual diseases, metrostaxis and metrorrhagia, stony uterine mass, vaginal bleeding during pregnancy, ectopic pregnancy, postpartum profuse vaginal bleeding, postpartum lochiorrhea, epidemic hemorrhagic fever, purpura and blood extravasation.",,,TM529524,22.39,GB97,崩漏,Metrorrhagia and metrostaxis,,
http://who.int/ictm/signsAndSymptoms#TM529526,mirror tongue / 鏡面舌,,,false,,,http://www.w3.org/2002/07/owl#Thing,,"a completely smooth tongue free of coating, like a mirror",,,TM529526,2.1.65,IST WPRO,鏡面舌,mirror tongue,,
http://who.int/ictm/signsAndSymptoms#TM529520,lumbago / 腰痛,,,false,,,http://www.w3.org/2002/07/owl#Thing,自觉腰部脊柱或其两侧疼痛的症状。,pain in the lumbar region,,,TM529520,2.3.70 AND 22.38,IST WPRO and GB 97,腰痛,lumbago,,
http://who.int/ictm/signsAndSymptoms#TM529573,purple tongue / 紫舌,,,false,,,http://www.w3.org/2002/07/owl#Thing,,"a tongue purple in color, indicating stagnant circulation of qi and blood",,,TM529573,2.1.54,IST WPRO,紫舌,purple tongue,,
http://who.int/ictm/signsAndSymptoms#TM529572,pulling pain / 掣痛,,,false,,,http://www.w3.org/2002/07/owl#Thing,,pain in one part involving other parts,,,TM529572,2.3.79,IST WPRO,掣痛,pulling pain,,
http://who.int/ictm/signsAndSymptoms#TM529575,red tongue / 紅舌,,,false,,,http://www.w3.org/2002/07/owl#Thing,,"a tongue redder than normal, indicating presence of heat",,,TM529575,2.1.52,IST WPRO,紅舌,red tongue,,
http://who.int/ictm/signsAndSymptoms#TM529574,Purplish macula / 紫斑,,,false,,,http://www.w3.org/2002/07/owl#Thing,皮肤粘膜出现不高出肤面的青紫色或紫红色斑块或斑点的症状。多因热毒窜络，血热妄行，或脾虚气不摄血，或外伤等，使血不循经，外溢肌肤而成。常见疾病有外伤、紫癜病、髓劳、肥气、菜乌紫病、妊娠紫癜，以及外感热病、中毒等。,"It refers to non-elevated cyanotic and purple patches or purple and red spots of the cutaneous membrane, usually caused by invasion of heat toxin into the collaterals, extravasation of blood due to blood heat, or failure of spleen qi to control blood due to deficiency, or traumatic injury that causes overflow of blood from the vessels to the skin. It can be seen in traumatic injury, or other diseases like purpura, aplastic anemia, hypochondriac mass due to liver disorder, diseases due to pickling vegetable, purpura during pregnancy, exogenous febrile diseases and poisoning.",,,TM529574,22.47,GB97,紫斑,Purplish macula,,
http://who.int/ictm/signsAndSymptoms#TM529570,proximal bleeding / 近血,,,false,,,http://www.w3.org/2002/07/owl#Thing,,"passing fresh blood before or during defecation, indicating anal or rectal hemorrhage",,,TM529570,2.1.33,IST WPRO,近血,proximal bleeding,,
http://who.int/ictm/signsAndSymptoms#TM529577,reddish yellow urine / 小便黃赤,,,false,,,http://www.w3.org/2002/07/owl#Thing,,dark yellow or even reddish urine,,,TM529577,2.3.199,IST WPRO,小便黃赤,reddish yellow urine,,
http://who.int/ictm/signsAndSymptoms#TM529578,retained food / 宿食,,,false,,,http://www.w3.org/2002/07/owl#Thing,,"food and drink accumulating in the stomach and intestines, undigested overnight",,,TM529578,2.3.136,IST WPRO,宿食,retained food,,
http://who.int/ictm/signsAndSymptoms#TM529571,puffy face / 面浮,,,false,,,http://www.w3.org/2002/07/owl#Thing,,"a soft swollen face, usually indicating a deficiency condition",,,TM529571,2.1.21,IST WPRO,面浮,puffy face,,
http://who.int/ictm/signsAndSymptoms#TM529576,reddened complexion / 面紅,,,false,,,http://www.w3.org/2002/07/owl#Thing,,"a complexion redder than normal, indicating the presence of heat",,,TM529576,2.1.17,IST WPRO,面紅,reddened complexion,,
http://who.int/ictm/signsAndSymptoms#TM529579,retching / 噦,,,false,,,http://www.w3.org/2002/07/owl#Thing,,making the sounds and movements of vomiting bringing up little or nothing from the stomach,,,TM529579,2.3.138,IST WPRO,噦,retching,,
http://who.int/ictm/signsAndSymptoms#TM529602,"spasm / 拘攣; 攣急, 抽搐 ",,,false,,,http://www.w3.org/2002/07/owl#Thing,各种原因引起的四肢不自主抽动的症状,stiffness and tension in the limbs inhibiting normal bending and stretching,,,TM529602,2.3.91 and 22.2,IST WPRO and GB 97,"拘攣; 攣急, 抽搐 ",spasm,,
http://who.int/ictm/signsAndSymptoms#TM529608,spotted tongue / 點刺舌,,,false,,,http://www.w3.org/2002/07/owl#Thing,,"a tongue with red, white or black spots as well as thorn-like protrusions on its surface",,,TM529608,2.1.60,IST WPRO,點刺舌,spotted tongue,,
http://who.int/ictm/signsAndSymptoms#TM529607,spontaneous urination / 小便自利,,,false,,,http://www.w3.org/2002/07/owl#Thing,,spontaneous discharge of urine,,,TM529607,2.3.191,IST WPRO,小便自利,spontaneous urination,,
http://who.int/ictm/signsAndSymptoms#TM529606,spontaneous sweating / 自汗,,,false,,,http://www.w3.org/2002/07/owl#Thing,不因劳累、炎热、衣着过暖、服用发汗药等因素而时时汗出，动辄益甚的汗出异常症状。,"excessive sweating during the daytime with no apparent cause such as physical exertion, hot weather, thick clothing or medication",,,TM529606,2.3.33 and 22.3,IST WPRO and GB 97,自汗,spontaneous sweating,,
http://who.int/ictm/signsAndSymptoms#TM529600,Somnolence / 嗜睡,,,false,,,http://www.w3.org/2002/07/owl#Thing,患者不分昼夜，时时欲睡，实际睡眠时间增加的症状。多因阳气不足，或痰湿内盛，瘀血浊毒阻蔽清阳所致。常见于多寐、肥胖病、痴呆、头部内伤、中毒等病以及虚劳类疾病中。,"Patients feel sleepy in either daytime or at night and the time for sleep is increased. It is usually caused by insufficiency of yang qi, or exuberance of phlegm dampness, or obstruction of clear yang due to stagnant blood and turbid toxin. It can be seen in diseases such as somnolence, obesity, dementia, interior injury of head, poisoning, and consumptive diseases.",,,TM529600,22.9,GB97,嗜睡,Somnolence,,
http://who.int/ictm/signsAndSymptoms#TM529601,sour taste in the mouth / 口酸,,,false,,,http://www.w3.org/2002/07/owl#Thing,,a subjective sour sensation in the mouth,,,TM529601,2.3.123,IST WPRO,口酸,sour taste in the mouth,,
http://who.int/ictm/signsAndSymptoms#TM529603,spitting of blood / 唾血,,,false,,,http://www.w3.org/2002/07/owl#Thing,,expulsion of blood with saliva,,,TM529603,2.3.104,IST WPRO,唾血,spitting of blood,,
http://who.int/ictm/signsAndSymptoms#TM529605,spontaneous diarrhea / 大便自利,,,false,,,http://www.w3.org/2002/07/owl#Thing,,diarrhea not attributable to purgation,,,TM529605,2.3.170,IST WPRO,大便自利,spontaneous diarrhea,,
http://who.int/ictm/signsAndSymptoms#TM529604,spontaneous bleeding of the tongue / 舌衄,,,false,,,http://www.w3.org/2002/07/owl#Thing,,bleeding from the tongue not due to traumatic injury,,,TM529604,2.1.67,IST WPRO,舌衄,spontaneous bleeding of the tongue,,
http://who.int/ictm/signsAndSymptoms#TM529609,stabbing pain / 刺痛,,,false,,,http://www.w3.org/2002/07/owl#Thing,,a sharp pain as if caused by a stab,,,TM529609,2.3.74,IST WPRO,刺痛,stabbing pain,,
http://who.int/ictm/signsAndSymptoms#TM529659,vexation of deficiency type / 虛煩,,,false,,,http://www.w3.org/2002/07/owl#Thing,,vexation due to deficiency fire harassing the inner body,,,TM529659,2.3.145,IST WPRO,虛煩,vexation of deficiency type,,
http://who.int/ictm/signsAndSymptoms#TM529651,true visceral color / 眞臟色,,,false,,,http://www.w3.org/2002/07/owl#Thing,,color reflected in the face indicating exhaustion of the genuine qi of internal organs,,,TM529651,2.1.27,IST WPRO,眞臟色,true visceral color,,
http://who.int/ictm/signsAndSymptoms#TM529658,vexation / 心煩,,,false,,,http://www.w3.org/2002/07/owl#Thing,,"a feeling of restlessness, heat, and oppression in the region of the heart",,,TM529658,2.3.144,IST WPRO,心煩,vexation,,
http://who.int/ictm/signsAndSymptoms#TM529654,ungratifying diarrhea / 瀉下不爽,,,false,,,http://www.w3.org/2002/07/owl#Thing,,diarrhea that leaves the patient with a feeling that the bowels have not been satisfactorily emptied,,,TM529654,2.3.172,IST WPRO,瀉下不爽,ungratifying diarrhea,,
http://who.int/ictm/signsAndSymptoms#TM529656,urinary incontinence / 小便失禁,,,false,,,http://www.w3.org/2002/07/owl#Thing,,failure of voluntary control of urination,,,TM529656,2.3.194,IST WPRO,小便失禁,urinary incontinence,,
http://who.int/ictm/signsAndSymptoms#TM529655,unsurfaced fever / 身熱不揚,,,false,,,http://www.w3.org/2002/07/owl#Thing,,"a persistent fever in which heat is not easily felt on the body surface and can be felt only by prolonged palpation, a sign of dampness-heat",,,TM529655,2.3.17,IST WPRO,身熱不揚,unsurfaced fever,,
http://who.int/ictm/signsAndSymptoms#TM529650,Tremor / 震颤,,,false,,,http://www.w3.org/2002/07/owl#Thing,手足颤动，或头部摇晃不能自主的症状。多因肝肾精血亏少，气阴不足，筋脉失养，虚风内动，或因风痰阻络等所致。常见疾病有颤病、脑萎、气厥等脑系疾病。,"It refers to involuntary trembling of hand and foot, or shaking of head, usually caused by insufficiency of essence and blood in the liver and kidney, and deficiency of qi and yin that cause atrophy of sinew and meridians, and interior stirring of deficiency wind, or blockage of meridians due to wind phlegm. It can be seen in diseases such as tremor disease, brain atrophy and qi syncope.",,,TM529650,22.46,GB97,震颤,Tremor,,
http://who.int/ictm/signsAndSymptoms#TM529657,Vertigo / 眩晕,,,false,,,http://www.w3.org/2002/07/owl#Thing,自觉头晕眼花，视物旋转动摇的症状。有经常性与发作性的不同，病位主要在脑髓清窍。多因气血营精不能上荣于头，或因风阳、火热上扰，痰浊、瘀血阻滞，清阳被遏等所致。风眩、脑络痹、虚眩、耳眩晕、子眩、子痫、产后血晕、晕动病、脑萎、神劳等疾病，头部内伤、项痹、某些药物中毒、脑瘤及眼耳鼻等五官疾病，皆可出现眩晕的症状。,"It refers to subjective feeling of dizziness and swirling in seeing things. It is either chronic or paroxysmal. The focus of this problem is usually in the brain. It is usually caused by failure of qi, blood, nutrient essence to nourish the head; or upper attack of wind yang and fire heat; or obstruction of clear yang by phlegm turbidity or stagnant blood. It can be seen in diseases such as wind vertigo, cerebral artherosclerosis, deficiency type of vertigo, ear dizziness, dizziness during pregnancy, eclampsia, postpartum faint due to hemorrhage, kinesia, brain atrophy, neurasthenia as well as interior injury of head, cervical spine syndrome, drug poisoning, brain tumor and diseases of eyes, nose and ears.",,,TM529657,22.6,GB97,眩晕,Vertigo,,
http://who.int/ictm/signsAndSymptoms#TM529652,turbid urine / 尿浊,,,false,,,http://www.w3.org/2002/07/owl#Thing,小便混浊，白如泔浆的症状。,murky urine like rice water or grease,,,TM529652,2.3.197 AND 22.42,IST WPRO and GB 97,尿浊,turbid urine,,
http://who.int/ictm/signsAndSymptoms#TM529653,undigested food in stool / 完穀不化,,,false,,,http://www.w3.org/2002/07/owl#Thing,,a condition in which the stool contains undigested food,,,TM529653,2.3.173,IST WPRO,完穀不化,undigested food in stool,,
http://who.int/ictm/signsAndSymptoms#TM529629,sweating from the palms and soles / 手足心汗,,,false,,,http://www.w3.org/2002/07/owl#Thing,,excessive local sweating from the palms and soles,,,TM529629,2.3.39,IST WPRO,手足心汗,sweating from the palms and soles,,
http://who.int/ictm/signsAndSymptoms#TM529622,stuffiness and rigidity in the chest / 胸中痞硬; 胸下痞硬,,,false,,,http://www.w3.org/2002/07/owl#Thing,,feeling of stuffiness and choking in the chest,,,TM529622,2.3.155,IST WPRO,胸中痞硬; 胸下痞硬,stuffiness and rigidity in the chest,,
http://who.int/ictm/signsAndSymptoms#TM529625,sweating from the armpits / 腋汗,,,false,,,http://www.w3.org/2002/07/owl#Thing,,excessive local sweating from the armpit,,,TM529625,2.3.42,IST WPRO,腋汗,sweating from the armpits,,
http://who.int/ictm/signsAndSymptoms#TM529624,supraorbital pain / 眉棱骨痛,,,false,,,http://www.w3.org/2002/07/owl#Thing,,pain felt in the eyebrow bone,,,TM529624,2.3.61,IST WPRO,眉棱骨痛,supraorbital pain,,
http://who.int/ictm/signsAndSymptoms#TM529623,suigyaku / 逆,,,false,,,http://www.w3.org/2002/07/owl#Thing,,immediate vomiting following intake of fluids when thirsty; water adversity,,,TM529623,,JSOM,,suigyaku,逆,
http://who.int/ictm/signsAndSymptoms#TM529627,sweating from the head / 頭汗,,,false,,,http://www.w3.org/2002/07/owl#Thing,,"excessive sweating on the head, face or neck",,,TM529627,2.3.38,IST WPRO,頭汗,sweating from the head,,
http://who.int/ictm/signsAndSymptoms#TM529626,sweating from the hands and feet / 手足汗,,,false,,,http://www.w3.org/2002/07/owl#Thing,,excessive local sweating from the hands and feet,,,TM529626,2.3.40,IST WPRO,手足汗,sweating from the hands and feet,,
http://who.int/ictm/signsAndSymptoms#TM529620,stuffiness and fullness / 痞滿,,,false,,,http://www.w3.org/2002/07/owl#Thing,,unwell feeling of stuffiness and fullness in the chest and upper abdomen,,,TM529620,2.3.153,IST WPRO,痞滿,stuffiness and fullness,,
http://who.int/ictm/signsAndSymptoms#TM529628,sweating from the heart region / 心汗,,,false,,,http://www.w3.org/2002/07/owl#Thing,,excessive sweating in the precordial region,,,TM529628,2.3.41,IST WPRO,心汗,sweating from the heart region,,
http://who.int/ictm/signsAndSymptoms#TM529621,stuffiness and rigidity below the heart / 心下痞堅; 心下痞鞕,,,false,,,http://www.w3.org/2002/07/owl#Thing,,"a feeling of stuffiness associated with local rigidity in the epigastric region, the same as epigastric stuffiness and rigidity",,,TM529621,2.3.150,IST WPRO,心下痞堅; 心下痞鞕,stuffiness and rigidity below the heart,,
http://who.int/ictm/signsAndSymptoms#TM529580,reversal cold of the extremities / 手足厥冷; 厥冷; 厥逆,,,false,,,http://www.w3.org/2002/07/owl#Thing,,"pronounced cold in the extremities up to the knees and elbows or beyond, also the same as cold extremities",,,TM529580,2.3.26,IST WPRO,手足厥冷; 厥冷; 厥逆,reversal cold of the extremities,,
http://who.int/ictm/signsAndSymptoms#TM529581,reversal of qi / 厥,,,false,,,http://www.w3.org/2002/07/owl#Thing,,"reverse flow of qi characterized by (1) sudden loss of consciousness, usually of short duration or  (2) cold extremities up to the elbows and knees or beyond; also known as syncope or severe coldness",,,TM529581,2.3.27,IST WPRO,厥,reversal of qi,,
http://who.int/ictm/signsAndSymptoms#TM529582,rigidity below the heart / 心下堅; 心下鞕,,,false,,,http://www.w3.org/2002/07/owl#Thing,,"abnormal stiffness in the epigastric region, the same as epigastric rigidity ",,,TM529582,2.3.148,IST WPRO,心下堅; 心下鞕,rigidity below the heart,,
http://who.int/ictm/signsAndSymptoms#TM529585,salty taste in the mouth / 口鹹,,,false,,,http://www.w3.org/2002/07/owl#Thing,,a subjective salty sensation in the mouth,,,TM529585,2.3.125,IST WPRO,口鹹,salty taste in the mouth,,
http://who.int/ictm/signsAndSymptoms#TM529586,scorching pain / 灼痛,,,false,,,http://www.w3.org/2002/07/owl#Thing,,"pain accompanied by a burning sensation, also called burning pain ",,,TM529586,2.3.76,IST WPRO,灼痛,scorching pain,,
http://who.int/ictm/signsAndSymptoms#TM529587,scurrying pain / 竄痛,,,false,,,http://www.w3.org/2002/07/owl#Thing,,pain that repeatedly changes location,,,TM529587,2.3.82,IST WPRO,竄痛,scurrying pain,,
http://who.int/ictm/signsAndSymptoms#TM529588,severe pain / 劇痛,,,false,,,http://www.w3.org/2002/07/owl#Thing,,intense intolerable pain,,,TM529588,2.3.88,IST WPRO,劇痛,severe pain,,
http://who.int/ictm/signsAndSymptoms#TM529583,rotten-curdy fur / 霉醬苔,,,false,,,http://www.w3.org/2002/07/owl#Thing,,a reddish thick tongue coating with black and yellow tinge,,,TM529583,2.1.90,IST WPRO,霉醬苔,rotten-curdy fur,,
http://who.int/ictm/signsAndSymptoms#TM529589,shiver sweating / 戰汗,,,false,,,http://www.w3.org/2002/07/owl#Thing,,sweating following shivering ,,,TM529589,2.3.37,IST WPRO,戰汗,shiver sweating,,
http://who.int/ictm/signsAndSymptoms#TM529584,sallow complexion / 面色萎黃,,,false,,,http://www.w3.org/2002/07/owl#Thing,,"yellowish withered complexion, which usually occurs in cases of spleen qi deficiency ",,,TM529584,2.1.20,IST WPRO,面色萎黃,sallow complexion,,
http://who.int/ictm/signsAndSymptoms#TM529440,Epistaxis / 鼻衄,,,false,,,http://www.w3.org/2002/07/owl#Thing,鼻中出血的症状。因鼻部疾患或外伤，肺、胃、肝经火热上扰，脾虚不能统血等所致。其他疾病如麻疹、丹毒、烂喉丹痧、时行感冒、风眩、髓劳、血溢病、鼓胀、肾厥等，皆可导致鼻衄。,"It refers to hemorrhage from the nose. It is caused by nasal disease or traumatic injury, or upper attack of fire and heat in the lung, stomach and liver meridians, or failure of the spleen in controlling blood due to deficiency. In addition, other diseases may also cause nasal bleeding as well, such as measles, erysipelas, scarlet fever, influenza, wind dizziness, aplastic anemia, blood extravasation, tympanites and kidney syncope.",,,TM529440,22.14,GB97,鼻衄,Epistaxis,,
http://who.int/ictm/signsAndSymptoms#TM529448,fecal incontinence / 大便滑脫,,,false,,,http://www.w3.org/2002/07/owl#Thing,,"inability to control defecation, with involuntary passage of feces",,,TM529448,2.3.190,IST WPRO,大便滑脫,fecal incontinence,,
http://who.int/ictm/signsAndSymptoms#TM529443,expiry sweating / 絶汗,,,false,,,http://www.w3.org/2002/07/owl#Thing,,incessant profuse sweating of a patient in moribund state,,,TM529443,2.3.36,IST WPRO,絶汗,expiry sweating,,
http://who.int/ictm/signsAndSymptoms#TM529447,fear of cold / 畏寒,,,false,,,http://www.w3.org/2002/07/owl#Thing,,"sensation of cold which can be relieved by warmth, the same as intolerance of cold",,,TM529447,2.3.5,IST WPRO,畏寒,fear of cold,,
http://who.int/ictm/signsAndSymptoms#TM529441,Eruption / 出疹,,,false,,,http://www.w3.org/2002/07/owl#Thing,皮肤出现高出肤面的红色或红白色疹点的症状。多因风热、风湿、疫毒等邪外侵，蕴郁肌肤所致。常见于风疹、麻疹、奶麻，皮肤疾病如湿疮、药毒、痱癗、疥疮、风土疮、血风疮、血疳疮、经前隐疹、妊娠风疹等，以及烂喉丹痧等多种外感温热病中。,"It refers to elevated red or red and white papula on the skin, usually caused by invasion of wind heat, wind dampness and pestilence that accumulate in the skin. It is commonly seen in diseases such as rebulla, measles, acute infantile rash, and skin diseases like damp sore, medicinal toxin, sudamen, scabies, premenstrual urticaria, rebulla during pregnancy, as well as various warm diseases like scarlet fever.",,,TM529441,22.48,GB97,出疹,Eruption,,
http://who.int/ictm/signsAndSymptoms#TM529442,exfoliated fur / 類剝苔,,,false,,,http://www.w3.org/2002/07/owl#Thing,,peeling of the tongue coating leaving an unsmooth tongue surface as if covered with regeneration of coating granules,,,TM529442,2.1.99,IST WPRO,類剝苔,exfoliated fur,,
http://who.int/ictm/signsAndSymptoms#TM529449,fecal qi / 矢氣,,,false,,,http://www.w3.org/2002/07/owl#Thing,,"gas expelled from the anus, the same as flatus",,,TM529449,2.2.24,IST WPRO,矢氣,fecal qi,,
http://who.int/ictm/signsAndSymptoms#TM529444,eye pain / 目痛,,,false,,,http://www.w3.org/2002/07/owl#Thing,,pain of the eye,,,TM529444,2.3.107,IST WPRO,目痛,eye pain,,
http://who.int/ictm/signsAndSymptoms#TM529445,fainting / 昏厥,,,false,,,http://www.w3.org/2002/07/owl#Thing,,"sudden loss of consciousness, usually of short duration, sometimes accompanied by cold limbs, also called syncope",,,TM529445,2.1.8,IST WPRO,昏厥,fainting,,
http://who.int/ictm/signsAndSymptoms#TM529446,false vitality / 假神,,,false,,,http://www.w3.org/2002/07/owl#Thing,,"transient increase in spirit in a critical case, often indicating approaching death ",,,TM529446,2.1.6,IST WPRO,假神,false vitality,,
